1111000100,ארנונה כללית,"87,202,000.00","93,386,996.43"
1111200100,ארנונה פיגורים,"11,000,000.00","21,858,920.42"
1113000100,הנחות ארנונה מראש,"950,000.00","1,008,723.20"
1116000100,הנחות ארנונה,"22,000,000.00","23,145,398.98"
1121000220,"אישורים- טאבו, אגרת מידע","40,000.00","46,291.54"
1122000220,הכנסות משלטים,"1,000,000.00","1,328,747.35"
1124000220,אגרות אכיפה- החזרים מתושבים,"120,000.00","565,453.54"
1124000221,"שכ""ט - החזרים מתושבים","52,000.00","28,431.67"
1124100220,מודעות על לוחות,"16,000.00","9,110.00"
1160000660,הכנסות מימון מספקים,"100,000.00","174,285.65"
1192000910,מענקים חד פעמיים מ.הפנים,"300,000.00","405,769.00"
1195000910,"מענקים - מפע""מ מצ'ינג","32,000.00","77,670.00"
1212300220,הכנסות מכלי אשפה,"1,055,000.00","907,332.86"
1213000220,רשיונות עסק,"56,000.00","49,417.00"
1214200290,וטרינרי בשר ודגים הכנסות,"230,000.00","242,763.67"
1214201290,וטרינרי עופות הכנסות,"120,000.00","187,325.33"
1214202290,וטרינרי חיסונים הכנסות,"380,000.00","458,535.66"
1214203290,וטרינרי השתת' עיריות,"1,292,581.00","1,424,234.00"
1214204290,וטרינרי קנסות הכנסות,"30,000.00","41,744.00"
1214205290,וטרינרי תעודות הכנסות,,
1214209960,השתת' משרד החקלאות,,"80,000.00"
1222100910,משמר אזרחי השת.הממשלה,"10,000.00","17,671.00"
1225000220,שמירה - חוק עזר,"1,100,000.00","1,376,355.92"
1226200910,"מל""ח הכנסות ממשלה",,"10,000.00"
1233100490,אגרות בניה,"2,401,542.00","2,401,542.00"
1242000800,דרכים ומדרכות בעלים,"1,238,513.00","557,884.50"
1242000990,השתתפות הממשלה כבישי,,"31,757.00"
1244000990,בטיחות בדרכים השתת' ממשלה,"100,000.00","100,125.00"
1245000800,אגרות תיעול קרקע,"618,591.00","618,591.00"
1247000290,בריכת שחיה יגור,"632,000.00","675,077.00"
1247001290,מזנון בריכת יגור,"205,000.00","248,954.45"
1247300290,בריכת אפק מנויים וכרטיסים,"3,700,000.00","3,060,428.66"
1247300650,בריכת אפק-דמי שימוש,"290,000.00","290,000.00"
1247300730,מתקני כושר נגישים -ביטוח לאומי,,
1247301290,מזנון בריכת אפק,"520,000.00","526,735.70"
1248000730,ש.ק.בטוח לאומי,"1,500,000.00","1,923,254.60"
1248000800,חברה קדישא- העברה מקרן,"858,877.00","858,877.00"
1248001290,חברה קדישא - אגרת ש.קבורה,"55,000.00","58,513.38"
1251000290,יום עצמאות,"25,000.00","21,956.00"
1266000490,רווחת העובד - הכנסות,,
1269000662,הכנסות ריבית ודיבידנד,"200,000.00","626,878.82"
1269001690,החזר בטוחים,,"667,787.00"
1269002690,הכנסות מכרזים,"40,000.00","113,818.00"
1269004690,הכנסות שונות,"50,000.00","222,824.23"
1269005690,אגרות בית משפט- החזרים מתושבים 1,"90,000.00","63,364.18"
1281000290,שוק עירוני - הכנסות,"240,000.00","194,200.00"
1281000291,פיקוח-קנסות כלבים,"14,000.00","13,917.50"
1281000690,הכנסות מתווי חניה שנתיים,,"91,017.20"
1281000695,מדחנים - חוק עזר חניה,,"511,143.41"
1282000640,פיקוח-קנסות חניה,"2,400,000.00","2,617,594.47"
1282000690,בית משפט מקומי קריות,"600,000.00","744,192.81"
1312200410,גני ילדים ביטוח תלמידים,"16,014.00","12,066.92"
1312200920,גני חובה עוזרות גננות מ' החינוך,"1,666,544.00","2,077,472.09"
1312200921,חומרים הורים גני ילד,"16,431.00","20,132.75"
1312200922,גני ט. חובה- גננות מ' החינוך,"2,477,400.00","2,549,463.55"
1312300410,גני ילדים טרום חובה עצמיות,"2,773,651.00","1,905,304.81"
1312300920,גני טרום חובה השת' מ.חינוך,"720,000.00","2,736,343.85"
1312300921,גנים חינוך מיוחד,"22,282.00","33,538.00"
1312304920,גני ילדים PDD מ' החינוך,"39,165.00","26,295.33"
1312400490,גיל הרך צור שלום,,"4,723.24"
1312402490,גיל הרך פרפר,,"5,405.60"
1312402700,"פרפר - השתת' מתנ""ס ביאליק","688,921.00","663,603.00"
1312402931,גיל הרך פרפר מ.רווחה,,"26,722.00"
1312800420,"קייטנות גנ""י הכנסות",,"139,558.00"
1313200410,"בתי""ס - הכנסות עצמיות",,"82,966.29"
1313200430,"בתי""ס א.תלמידי חוץ","100,000.00","77,057.00"
1313200440,השאלת ספרים השתת' הורים,,
1313200490,"בתי""ס ביטוח תלמידים","78,506.00","89,932.74"
1313200730,מ.ליקויי ראיה השתת' בל',,
1313200920,"בת""יס השתת' שרתים","1,364,331.00","1,600,883.03"
1313200921,"בתי""ס - מרכיבי בטחון מצי'נג מ.חינוך","98,960.00","139,900.00"
1313200922,"בתי""ס - מרפאת שיניים מ.חינוך","73,000.00","16,983.00"
1313200923,טיולים - השתתפות ממשלה,,"275,819.70"
1313201920,"בתי""ס יסוד. השתת' מזכירים","435,050.00","656,407.87"
1313201921,"בתי""ס הכנסות מיוחדות  מ.החינוך",,"470,914.80"
1313202920,אגרת שכפול יסודי,"40,000.00","54,777.25"
1313203920,סל תלמיד עולה,"15,000.00","114,361.66"
1313204430,PDD תלמידי חוץ קדימה,"260,000.00","299,926.00"
1313204730,"PDD הכנסות ב""ל","36,400.00","53,023.00"
1313204920,"חומרים הורים-בתי""ס","71,220.00","78,606.55"
1313204921,"PDD הזנת יוח""א","58,676.00","80,080.00"
1313204922,PDD הוצ' נלוות,"36,250.00","38,000.00"
1313204923,PDD העשרה,"16,901.00","19,053.80"
1313204925,PDD שכר,"646,243.00","855,339.55"
1313207490,שיפוצי קיץ עצמיות,,"150,000.00"
1313300490,"פנימיות יום הכנסות מיל""ת","5,000.00","2,990.00"
1313300491,פנימיות יום השתת' הורים עירייה,,
1313302490,תבור וחרמון-השתת' הורים,"26,000.00","24,700.00"
1313302920,מועדוניות משותפות מ. חינוך,"200,200.00","238,769.66"
1313302930,מועדוניות משותפות מ. רווחה,"122,000.00","253,630.00"
1313400920,השתת.הממשלה יוזמות,"42,000.00","20,796.50"
1313600490,הכנסות עצמיות- סייעות,,"54,070.08"
1313600920,חינוך מיוחד השתת' ממשלה,"1,100,758.00","1,403,733.26"
1313600921,חינוך מיוחד-חוק שילוב סיי,"507,824.00","868,433.19"
1313800400,קייטנות - הכנסות,,889
1314000700,"חט""ב/אורט השתתפות","33,895,337.00","33,895,337.00"
1314006410,אורט מרכז למידה-הכנסות הורים,,"6,260.00"
1316800440,מלגות- השתת' מוסדות,"40,000.00","40,000.00"
1317100490,שמירה במוסדות חנוך,"470,000.00","516,972.75"
1317100920,"קב""ט שמירה ובטחון מוסדות ח","77,554.00","90,160.57"
1317200920,שגרירים מפתח הלב,,"27,500.00"
1317300490,"שפ""י - הכנסות עצמיות הורים","30,000.00","48,595.00"
1317300491,"שפ""י - הכנסות מאבחונים","6,000.00","4,100.00"
1317300920,פסיכולוגי השת.הממשלה,"955,136.00","1,094,462.76"
1317300921,"שפ""י הדרכות ואבחונים","98,041.00","60,400.68"
1317500920,רווחה חינוכית השתת' ממשלה,"310,000.00","282,800.00"
1317600920,טיפול בפרט,"5,000.00","2,399.00"
1317700920,"קב""סים - השתת' מ.החינוך","278,625.00","307,288.03"
1317800490,החזר נסיעות תלמידים,,"29,842.00"
1317800920,הסעות ילדים השתת' מ.חינוך,"1,445,078.00","1,691,465.23"
1317900920,"שיפוצים בתי""ס - השתת' מ.חינוך","176,691.00","162,160.00"
1322000420,ריקודי עם אפק,"8,000.00","4,800.00"
1322000490,בית חן פעולות תרבות,,"102,906.17"
1322000640,בית חן הכנסות שכירות,"110,000.00","114,899.00"
1322000920,תרבות - השתת' ממשלה,,
1322002420,בית חן- לא פעיל,"150,000.00",
1322003420,צעירי ביאליק הכנסות הורים,"50,000.00","41,143.00"
1322003490,צעירי ביאליק הכנסות מהופעות,,360
1322003990,צעירי ביאליק השתת' ממשלה,"25,000.00","25,000.00"
1322005420,סל תרבות,"290,000.00","175,388.00"
1322007420,פסטיבל ביאליק,"100,000.00","12,820.00"
1322007990,פסטיבל השתת'  ממשלה,,"30,000.00"
1322016420,שבת אומנים,,"3,660.00"
1322017420,מעמד האישה - הכנסות,"20,000.00","10,970.00"
1322018420,גימלאים,"24,000.00","4,120.00"
1322020900,להקה אתיופית השתת' מ,,"14,278.00"
1323000420,ספריה עירונית הכנסות,,"19,597.00"
1323000490,ספריה-הכנ' ממכירת ספרים,,"3,100.00"
1324000420,מרכז קהיל צור שלום הכנסות,,650
1324000700,"מתנ""ס צו""ש - השתת' רשת המתנסי""ם",,
1324001420,מועדון דן הכנסות,,
1324001700,"מועדון דן - השתת' רשת המתנסי""ם",,
1324003420,"חוגים בה""ס ביאליק","7,000.00","4,590.00"
1324004420,צהרונים הכנסות,,"48,137.97"
1324004710,"צהרונים - השתת' מתנ""ס ביאליק","885,251.00","788,664.00"
1324005420,מועדון ברנר הכנסות,"6,000.00","4,200.00"
1324005930,מועדון ברנר- השתת' מ' רווחה,,"14,512.00"
1324009420,מועדון גאולים הכנסות,"7,000.00","16,460.00"
1326400420,בית כץ פעולות תרבות,,"52,452.07"
1326406420,אשכול פיס הכנסות,,"3,738.00"
1326406700,אשכול פיס - השתת' רשת המתנסים,,
1326406920,אשכול פיס השתת' מ.חינוך,"340,000.00","434,532.25"
1326406990,אשכול פיס משרד המדע,,"100,000.00"
1326408430,רב תכליתי - השתת' אורט,"120,000.00","120,000.00"
1326408700,"רב תכליתי השתת' רשת המתנסי""ם",,
1327000920,תרבות תורנית - משרד החינוך,,"30,603.00"
1328200490,קידום נוער הכנסות,,"5,580.00"
1328200491,מועצת נוער - הכנסות,,"7,238.00"
1328200920,קידום נוער -  משרד החינוך,"80,000.00","170,371.10"
1328500920,נוער- השתת' מ' החינוך,,"38,400.00"
1329200650,מגרשי ספורט-דמי שימוש,"342,140.00","309,935.00"
1329300420,"אולמות ספורט- הכנסות משכ""ד","30,000.00","9,600.00"
1329300421,אולמות ספורט - פינג פונג,,"15,260.00"
1329300650,אולמות ספורט-דמי שימוש,"347,814.00","314,333.00"
1329300960,ספורט השתת' משרד המדע,"65,000.00","104,635.00"
1329302420,צעדה ומירוץ - הכנסות,"160,000.00","3,560.00"
1329303920,יוזמות ספורט- מצ'ינג,,"40,000.00"
1329909420,הכנסות ערוני התעמלות,,
1341000930,שכר עובדי לשכת הרווחה,"2,500,000.00","2,901,404.00"
1342200690,צרכים מיוחדים,,"1,050.00"
1342200930,צרכים מיוחדים השת.הממשלה,"340,500.00","261,764.00"
1342400490,מרכזי טיפול במשפחה-השתת',"20,000.00","3,005.00"
1342400930,מרכזי טיפול משפחה,"73,000.00","266,976.00"
1342401490,תחנה לטיפול במשפחה - השתת' הורים,,"34,095.00"
1342401930,תחנה לטיפול במשפחה,"7,500.00","30,963.00"
1343500490,סיגליות וקדימה השתת' הורים,"22,000.00","35,377.00"
1343500930,סיגליות וקדימה מ.רווחה,"169,250.00","396,210.00"
1343501930,פעולות קהילתיות לילד מ.רווחה,"180,000.00","332,530.00"
1343800490,החזקת ילדים בפנימיות,"150,000.00","128,931.70"
1343800930,החזקת ילדים בפנימיות,"1,848,000.00","2,009,588.00"
1343801930,תוכנית עם הפנים לקהילה,"105,000.00","138,642.00"
1343900690,מעונות יום השתת' הורים,,
1343901930,ילדים במעונות יום,"1,164,000.00","1,116,098.00"
1344300690,אחזקת זקנים במעונות השתת' תושבים,"250,000.00","292,301.04"
1344300930,אחזקת זקנים במעונות,"851,000.00","803,583.00"
1344400490,שרותים קהילתיים לזקן,"6,000.00","23,211.34"
1344400930,שרותים קהילתיים לזקן,"180,000.00","218,534.00"
1344401930,חסידי אומות העולם-הש,"46,500.00","43,873.00"
1344402930,מועדונים לזקנים,"187,500.00","152,797.00"
1344500930,מסגרות יומיות לזקן,"245,250.00","184,315.00"
1344600490,קשישים - עזרה ביתית,"5,000.00","7,039.50"
1345100690,מפגרים - השתתפות הורים,,"5,702.00"
1345100930,מפגרים- השתת' מ' רווחה,"4,875,000.00","5,743,366.00"
1345101930,אוטיסטים,"600,000.00","1,020,011.00"
1345200490,מפגרים מסגרות יום-השתת' הורים,"20,000.00","22,667.00"
1345200930,מפגרים במעונות,"523,000.00","555,385.00"
1345300490,מפגרים הסעות - השתת' הורים,"40,000.00","43,828.00"
1345300930,מפגרים - שירותים תומכים,"119,750.00","160,435.00"
1346300930,עוורים - השתת' מ' רווחה,"63,000.00","128,143.00"
1346400930,עוורים- מפעלי שיקום,"114,750.00","208,864.00"
1346500490,אחזקת נכים בפנימיות-השת' העירייה,,"4,437.00"
1346500930,נכים בפנימיות,"2,471,250.00","2,654,829.00"
1346600930,מוגבלים,"169,500.00","201,758.00"
1346701490,מעון שחר- הכנסות עצמיות,,"15,872.06"
1346701930,מעון שחר נכים,"150,000.00","230,009.01"
1346702930,תוכניות שיקום לנכים,"326,250.00","271,721.00"
1346800930,מרכזי יום שיקומיים,"145,500.00","188,275.00"
1346802930,נכים שיקום,"45,000.00","35,650.00"
1347100930,נערות במצוקה,"93,750.00","113,744.00"
1347101490,טיפול בנוער ובצעירים,,
1347101930,טיפול בנוער ובצעירים,"45,000.00","47,277.00"
1347200930,חסות ארצי ומקומי,,
1347300490,מלחמה בסמים,,"54,500.00"
1347300930,מלחמה בסמים - משרד הרווחה,"54,750.00","71,952.00"
1347400930,ילדים במפתנים ממשלתי,"85,500.00","107,372.00"
1348200930,קהילה- נפגעי תאונות דרכים,,"1,931.00"
1348300920,מתנדבים - משרד החינוך,,"56,000.00"
1348300930,מתנדבים - משרד הרווחה,"15,000.00","14,619.00"
1348400930,"שי""ל",,500
1349000930,טפול עולים,"196,500.00","247,331.00"
1360000690,קליטה הכנסות עצמיות,"20,000.00","45,330.00"
1360000700,קהילה אתיופית - תרומות,,"90,327.00"
1360000910,השתתפות ממשלה,,"10,250.00"
1360000950,השת. מ.הקליטה עולים פרוייקטים,"187,500.00","200,758.50"
1360000951,מצ'ינג קהילה אתיופית -  מ.קליטה,"75,000.00","43,411.00"
1370000490,איכות הסביבה-הכנסות עצמיות,,"30,890.75"
1370000900,איכות הסביבה-השתת' המשרד,"126,000.00","73,102.00"
1413100210,מים כללי צריכה שוטפת,"17,000,000.00","17,418,607.93"
1413200210,מים פיגורים,"1,500,000.00","1,559,306.48"
1413300210,אגרות מדי מים,"40,000.00","66,608.00"
1413300290,מים - היטל בצורת,,"7,819.50"
1413300295,מים- השתת' רשות המים,,"44,425.00"
1413300800,אגרות מים בעלים,"690,841.00","690,841.00"
1433000640,הכנסות משכירות,"700,000.00","588,630.07"
1472000210,אגרות ביוב שוטף,"5,800,000.00","6,325,062.17"
1472000800,אגרות ביוב בעלים,"587,994.00","587,994.00"
1472200210,ביוב פגורים,"700,000.00","654,147.49"
1474000210,השתתפות עירית שפרעם ת.שאיבה,"300,000.00","599,742.02"
1474000220,השתת' עיריית חיפה(ת.שאיבה),"54,000.00",
1513000662,הכנסות משנים קודמות,,"15,035.00"
1611100110,ראש הרשות וסגניו - שכר,"1,222,481.00","1,252,673.85"
1611100511,ראש הרשות ומועצה כיבודים,"20,000.00","24,398.82"
1611100531,ראש הרשות-רכב דלק,"16,500.00","20,849.76"
1611100532,ראש הרשות-רכב תיקונים,"4,000.00","3,838.92"
1611100534,ראש הרשות-רכב ליסינג,"58,000.00","48,528.43"
1611100541,ראש הרשות וסגניו-סלולרי,"25,000.00","24,982.89"
1611100810,ראש הרשות וסגניו- מתנות והשתתפויות,"40,000.00","54,999.53"
1612000110,מבקר הרשות - שכר,"492,302.00","508,959.94"
1612000521,מבקר-השתלמויות,"2,500.00",
1612000531,מבקר-רכב דלק,"11,000.00","17,602.82"
1612000532,מבקר-רכב תיקונים,"1,000.00","2,949.79"
1612000534,מבקר-רכב ליסינג,"50,000.00","48,769.01"
1612000541,מבקר-טלפון סלולרי,"6,000.00","5,478.09"
1612000780,מבקר- הוצ' שונות,"15,000.00","14,228.51"
1613000110,מזכירות - שכר,"1,541,156.00","1,576,954.94"
1613000130,מזכירות שכר - שעות נוספות,"73,165.00","135,515.15"
1613000320,מזכירות שכר - פיצויים,,
1613000420,מזכירות- אחזקה ותיקונים,"18,000.00","31,457.45"
1613000430,מזכירות-חשמל,"77,000.00","82,784.19"
1613000432,מזכירות- מים וביוב,"28,000.00","29,774.80"
1613000440,מזכירות ביטוח,"100,000.00","77,582.00"
1613000470,מזכירות-ציוד משרדי,"25,000.00","26,774.13"
1613000511,מזכירות כיבודים,"45,000.00","46,458.28"
1613000512,מזכירות הוצ' נסיעות,"5,000.00","6,727.03"
1613000520,מזכירות ספרות מקצועית,"20,000.00","16,396.89"
1613000531,מזכירות- רכבים דלק,"37,500.00","41,166.79"
1613000532,מזכירות- רכב תיקונים,"45,000.00","50,360.36"
1613000533,מזכירות-רכב ביטוח,"13,000.00","20,183.00"
1613000534,מזכירות-רכבים ליסינג,"47,000.00","34,835.81"
1613000540,מזכירות-טלפון בזק,"175,000.00","163,751.59"
1613000541,מזכירות - טלפון סלולרי,"100,000.00","113,788.74"
1613000560,מזכירות-דואר,"400,000.00","442,985.04"
1613000581,"תביעות צד ג' - שכ""ט","400,000.00","421,773.66"
1613000582,תביעות צד ג' - פיצויים,"500,000.00","381,339.13"
1613000750,מזכירות עב' קבלניות,"100,000.00","235,874.61"
1613000760,מזכירות שמירה,"60,000.00","71,442.80"
1613000980,מזכירות הוצ' שונות,"50,000.00","52,550.92"
1614000110,דוברת העירייה - שכר,"161,575.00","94,349.04"
1614000130,שכר שעות נוספות,"17,354.00","8,166.90"
1614000541,דוברות ופרסום - הוצ' סלולרי,"1,100.00","2,374.80"
1614000550,הוצאות פרסום ודוברות,"350,000.00","575,408.90"
1615000110,מחלקת כח אדם - שכר,"434,938.00","476,388.36"
1615000130,שכר שעות נוספות,"32,895.00","36,779.15"
1615000510,כיבודים עובדי עירייה,,
1615000521,"כ""א - דמי חבר והשתלמויות","120,000.00","177,344.12"
1615000523,"כ""א -  דמי חבר עמיתים","300,000.00","288,602.50"
1615000541,"כ""א-טלפון סלולרי","6,000.00","6,516.93"
1615000740,"כ""א - ביגוד לעובדים","50,000.00","31,432.00"
1615000750,"כ""א - עב' קבלניות כ""א",,
1615000780,"כ""א- פיתוח ארגוני","80,000.00","63,814.00"
1615000800,"כ""א - מצ'ינג פיתוח ארגוני","80,000.00","86,619.08"
1617000110,יועץ משפטי - שכר,"708,144.00","650,459.39"
1617000130,שכר שעות נוספות,"1,444.00","13,199.60"
1617000320,שכר פיצויים,,
1617000531,יועץ משפטי-רכב-דלק,"10,000.00","31,222.67"
1617000532,יועץ משפטי-רכב אחזקה,"3,000.00","4,074.01"
1617000534,יועץ משפטי רכב ליסינג,"42,000.00","63,797.84"
1617000541,יועץ משפטי-טלפון סלולרי,"7,000.00","14,311.35"
1617000750,יועץ משפטי- עב' קבלניות,"150,000.00","219,036.50"
1617000780,יועץ משפטי-שונות,"20,000.00","14,556.97"
1621100110,מינהל הגזברות - שכר,"635,425.00","529,964.69"
1621100320,שכר פיצויים,,"90,114.00"
1621100420,גזברות-אחזקה ותיקונים,"10,000.00","16,441.58"
1621100430,גזברות - הוצ' חשמל,"22,000.00","25,047.63"
1621100470,גזברות ציוד משרדי ושונות,"120,000.00","165,253.95"
1621100511,גזברות-כיבודים,"3,000.00","3,463.68"
1621100531,גזברות - רכב דלק,"27,500.00","16,207.68"
1621100532,גזברות - רכב אחזקה,"12,000.00","21,478.38"
1621100533,גזברות - רכב ביטוח,"6,500.00","10,056.00"
1621100534,גזברות- רכב ליסינג,"57,000.00","35,712.41"
1621100540,גזברות-טלפון בזק,"12,000.00","2,333.11"
1621100541,גזברות-טלפון סלולרי,"15,000.00","9,535.40"
1621100570,גזברות-מיחשוב,"775,000.00","954,258.08"
1621100580,גזברות-הוצ' דפוס,"70,000.00","45,727.47"
1621100581,"עזורה שכ""ט ואגרות בימ""ש","40,000.00","65,689.00"
1621100582,"אמ.בי שכ""ט מינהלי","180,000.00","346,304.00"
1621100583,אגרות בית משפט,"50,000.00","87,541.00"
1621100584,אגרות אכיפה,"150,000.00","665,207.83"
1621100586,אמ.בי חקירות,"10,000.00",
1621100587,"אמ.בי שכ""ט משפטי",,"82,517.00"
1621100760,גזברות שמירה,"50,000.00","42,997.00"
1621200110,רכש ואינוונטר - שכר,"246,147.00","207,043.25"
1621200130,שכר שעות נוספות,"1,277.00","4,856.65"
1621200750,תקציבים - עב' קבלניות,"300,000.00","426,759.60"
1621300110,"הנה""ח ושכר - משכורות","1,078,884.00","1,094,052.99"
1621300130,שכר שעות נוספות,"33,003.00","39,433.20"
1621300320,משכ.פיצויים,,
1621300570,"הנה""ח עב' קבלניות",,
1621300750,"הנה""ח - עב' קבלניות","250,000.00","477,226.65"
1623000110,גביה - שכר,"1,761,538.00","1,653,889.03"
1623000130,שכר שעות נוספות,"27,008.00","39,794.35"
1623000320,משכ.פיצויים,,
1623000540,גביה - טלאול טלאופיס,"136,000.00","147,415.92"
1623000541,גביה טלפון סלולרי,"10,000.00","19,864.10"
1623000750,"גביה- כ""א עב' קבלניות","295,000.00","324,622.39"
1623000751,גביה - עב' מיוחדות,,"3,553,055.78"
1630000970,"מקדמות מ""ה עודפות","120,000.00","120,000.00"
1631000610,עמלות והוצאות בנקאיו,"940,000.00","981,385.41"
1631000611,עמלות החזרי שיקים מיסים,"40,000.00","30,401.32"
1632000620,הוצאות מימון ריבית משיכות,"10,000.00","10,457.06"
1649100691,"פרעון מלוות ע""ח קרן","7,328,169.00","7,486,255.36"
1649100692,"פרעון מלוות ע""ח ריבי","3,431,349.00","3,819,092.85"
1649100693,"פרעון מלוות ע""ח הצמד","1,596,260.00","1,663,689.16"
1711000110,אגף התברואה - שכר,"527,390.00","529,786.01"
1711000130,שכר שעות נוספות,"11,315.00","11,819.55"
1711000320,משכ.פיצויים,,"171,307.65"
1711000531,מינהל התברואה - רכבים דלק,"36,500.00","57,100.12"
1711000532,מינהל התברואה - רכבים תיקונים,"5,000.00","5,147.49"
1711000534,מינהל התברואה- רכבים ליסינג,"80,000.00","65,286.70"
1711000541,מינהל התברואה - סלולרי,"15,000.00","10,374.71"
1712200110,מח' נקיון - שכר,"2,458,953.00","2,537,504.03"
1712200130,שכר שעות נוספות,"365,180.00","526,906.05"
1712200320,משכ.פיצויים,,
1712300541,נקיון-טלפון סלולרי,"8,000.00","8,239.93"
1712300720,נקיון חומרים (שקיות),"20,000.00","22,792.61"
1712300740,נקיון ציוד וכילים,"20,000.00","8,060.20"
1712300750,נקיון עבודות קבלניות,"150,000.00","92,401.72"
1712300751,נקיון - איזור תעשיה,"390,000.00","469,237.58"
1712300752,נקיון - אורוז,"5,250,000.00","5,754,953.03"
1712300753,נקיון -קומפוסט/אמיר,"2,640,000.00","3,202,767.00"
1712300754,נקיון - היטלי הטמנה,"724,000.00","725,920.00"
1712300755,"נקיון -כ""א עב' קבלניות","2,400,000.00","3,142,291.04"
1712300780,נקיון הוצ' שונות,"5,000.00","3,657.05"
1712301531,נקיון רכבים דלק,"250,000.00","249,986.19"
1712301532,נקיון רכבים תקונים,"220,000.00","278,706.85"
1712301533,נקיון רכבים בטוח,"35,000.00","47,113.00"
1712301534,נקיון רכבים ליסינג,,116.31
1712301740,נקיון- עגלות,"50,000.00","37,758.00"
1713100110,רישוי עסקים - שכר,"337,830.00","428,645.91"
1713100130,שכר שעות נוספות,"18,596.00","42,241.20"
1713100531,רישוי עסקים -  רכב דלק,"13,000.00","4,947.62"
1713100532,רישוי עסקים - רכב תיקונים,"5,000.00","9,079.40"
1713100533,רישוי עסקים-רכב ביטוח,"7,000.00","9,182.00"
1713100534,רישוי עסקים - רכב ליסינג,"54,000.00","37,996.84"
1713100541,רישוי עסקים  סלולרי,"6,000.00","6,085.06"
1713100780,רישוי עסקים שונות,"10,000.00","5,929.01"
1714200110,שירות וטרינרי - שכר,"1,082,629.00","1,043,157.37"
1714200130,שכר שעות נוספות,"62,376.00","97,729.00"
1714200430,ש.וטרינרי-חשמל,"30,000.00","29,475.28"
1714200531,וטרינרי רכב דלק,"29,000.00","46,513.66"
1714200532,וטרינרי רכב תיקונים,"10,000.00","21,060.06"
1714200533,וטרינרי רכב ביטוח,"10,500.00","12,202.00"
1714200534,שרות וטרינרי רכב בליסינג,,"27,025.78"
1714200540,ש.וטרינרי-טלפון בזק,"6,000.00","6,909.91"
1714200541,ש.וטרינרי-טלפון סלול,"10,000.00","9,524.70"
1714200780,וטרינרי הוצאות שונות,"200,000.00","236,134.35"
1714200830,השתתפות באגוד ערים ו,"430,860.00","469,997.00"
1714201310,שרות וטרינרי - פנסיה,"612,076.00","610,814.70"
1714210780,עיקור וסירוס חתולים,"40,000.00","86,320.00"
1715200110,הדברה -שכר,"198,070.00","232,808.23"
1715200130,שכר שעות נוספות,"12,544.00","51,583.95"
1715200531,הדברה -  רכבים דלק,"28,000.00","13,814.06"
1715200532,הדברה  - רכבים תיקונים,"15,000.00","40,292.00"
1715200533,הדברה- רכבים ביטוחים,"3,200.00","11,774.79"
1715200541,הדברה סלולרי,"1,400.00","1,372.12"
1715200720,הדברה - חומרים,"65,000.00","67,575.63"
1715200750,הדברה- עב' קבלניות,"25,000.00","70,875.60"
1722000110,"משא""ז - שכר","94,008.00","138,572.76"
1722000130,שכר שעות נוספות,,"1,172.70"
1722000320,"משא""ז -שכר פיצויים",,
1722000430,"משא""ז חשמל","15,000.00","12,643.89"
1722000432,"משא""ז - מים","1,500.00","3,238.70"
1722000531,"משא""ז-רכב דלק",,"11,895.92"
1722000532,"משא""ז-רכב תקונים",,"58,145.50"
1722000533,"משא""ז-רכב בטוח",,"7,920.00"
1722000534,"משא""ז -רכב ליסינג",,
1722000540,"משא""ז טלפון בזק","1,400.00","1,193.47"
1722000541,"משא""ז-טלפון סלולרי","11,000.00",
1722000750,"משא""ז - כ""א עב' קבלניות",,
1722000780,"משא""ז - הוצ' שונות","10,000.00","7,373.55"
1722000781,"משא""ז - פ' רווחה למתנדבים","60,000.00","33,326.35"
1723000110,"הג""א - שכר","96,748.00","106,244.31"
1723000130,שכר  שעות נוספות,"12,343.00","25,896.70"
1723000430,"הג""א-חשמל","38,500.00","26,678.15"
1723000432,"הג""א-מים וביוב","11,000.00","9,298.20"
1723000440,"הג""א - ביטוח","2,000.00",
1723000531,"הג""א -רכבים דלק","2,600.00","6,414.91"
1723000532,"הג""א רכבים תיקונים","10,000.00","35,374.42"
1723000533,"הג""א רכבים ביטוח","6,300.00","16,686.64"
1723000540,"הג""א-טלפון בזק","2,500.00","2,978.49"
1723000541,"הג""א-טלפון סלולרי","2,100.00","6,303.86"
1723000720,"הג""א חומרים ותיקונים","13,000.00",854
1723000780,"הג""א הוצ' שונות","25,000.00","6,599.07"
1723000800,"הג""א העברות לרשויות","75,000.00",
1723000830,"הג""א השתתפות","175,000.00","184,053.85"
1724000110,חזות עיר - שכר,"409,917.00","284,481.56"
1724000130,שכר שעות נוספות,"13,119.00","13,011.70"
1724000541,חזות עיר - טלפון סלולרי,"4,000.00","1,920.60"
1724000740,"חזות עיר - צביעת מעקות,עמודים","50,000.00","16,331.00"
1724000741,חזות עיר - צביעת מבנים,"50,000.00","24,691.52"
1724000830,כיבוי אש-השתת' אגוד ערים,"2,150,000.00","2,187,000.00"
1725000110,בטיחות בעבודה - שכר,"186,819.00","162,523.40"
1725000130,שכר שעות נוספות,,5.65
1725000541,בטיחות סלולרי,"1,000.00",999.09
1725000780,בטיחות הוצאות שונות,,942
1726100110,"מל""ח פס""ח - שכר","56,794.00","61,847.06"
1726100540,"מל""ח - הוצ' בזק",800,757.7
1726100980,"מל""ח הוצאות פעולות","15,000.00","13,080.60"
1731000110,מהנדס עיר - שכר,"1,579,291.00","1,928,845.25"
1731000130,שכר שעות נוספות,"46,007.00","86,715.65"
1731000421,מהנדס-עב' קבלניות,"20,000.00","12,980.50"
1731000521,מהנדס- דמי חבר,"2,000.00",
1731000531,מהנדס-רכב דלק,"12,000.00","45,365.85"
1731000532,מהנדס- רכב תיקונים,"5,000.00","9,871.10"
1731000533,מהנדס-רכב ביטוח,"1,000.00","4,653.00"
1731000534,מהנדס - רכב ליסינג,"33,000.00","45,293.23"
1731000540,מהנדס העיר-טלפון בזק,"12,000.00","2,333.05"
1731000541,מהנדס העיר-טלפון סלו,"15,000.00","20,906.32"
1731000750,מהנדס העיר-העתקות אור,"28,000.00","42,845.00"
1731000780,מהנדס-הוצ' שונות,"15,000.00","22,816.20"
1731000950,מהנדס-הוצ' תכנון,"50,000.00","40,224.00"
1732300750,אחזקת נכסי העירייה,"270,000.00","313,642.14"
1732300980,מדידות הוצאות אחרות,"20,000.00","35,802.70"
1741000110,אחזקה - שכר,"1,363,691.00","1,364,926.40"
1741000130,שכר שעות נוספות,"109,585.00","204,307.90"
1741000432,אחזקה - מים וביוב,"30,000.00","29,495.40"
1741000531,אחזקה-רכבים-דלק,"73,500.00","97,217.25"
1741000532,אחזקה-רכבים-תיקונים,"90,000.00","78,729.14"
1741000533,אחזקה-רכבים-ביטוח,"38,000.00","36,477.19"
1741000534,אחזקה רכבים ליסינג,"47,000.00","33,619.15"
1741000540,אחזקה - טלפון בזק,,"8,976.49"
1741000541,אחזקה-טלפון סלולרי,"16,300.00","10,643.80"
1741000760,אחזקה-שמירה מחסן,"11,000.00","1,234.90"
1741000780,אחזקה-הוצ' שונות,"70,000.00","56,676.74"
1742000780,כבישים וסימון כבישים,"50,000.00","33,835.55"
1742000781,סימון כבישים (מ.תחבו,,"65,599.20"
1743000430,תאורת רחובות חשמל,"1,760,000.00","1,931,232.51"
1743000440,תאורת רחובות-ביטוח,"21,000.00",
1743000750,תאורת רחובות עב.קבלנ,"960,000.00","846,682.00"
1744000541,בטיחות בדרכים סלולרי,"1,000.00",770.29
1744000780,בטיחות בדרכים -שונות,"4,000.00","4,528.67"
1744000800,בטיחות בדרכים -מצ'ינג מ.תחבורה,"143,000.00","143,974.80"
1744400780,שלטים ותמרורים,"50,000.00","41,645.12"
1745000750,ניקוז ותיעול-עב' קבלניות,"50,000.00",
1745000810,רשות ניקוז גליל מערבי,"160,000.00","281,508.00"
1745000811,רשות ניקוז קישון,"110,000.00","145,735.00"
1746000110,גינון - שכר,"499,477.00","515,375.73"
1746000130,שכר שעות נוספות,"28,499.00","60,284.45"
1746000432,גינון-מים וביוב,"1,350,000.00","2,034,580.50"
1746000541,גינון- טלפון סלולרי,"5,400.00","4,570.28"
1746000720,גינון-חומרים,"50,000.00","47,993.56"
1746000740,גינון ציוד וכילים,"50,000.00","41,743.42"
1746000750,גינון-עבודות קבלניות,"120,000.00","150,290.90"
1746000751,גינון עב' קבלנ'  זוהר כץ,"2,713,000.00","2,741,964.99"
1746000780,גינון הוצ' שונות,"5,000.00","3,661.67"
1746001531,גינון רכבים דלק,"47,000.00","41,311.47"
1746001532,גינון רכבים תקונים,"10,000.00","56,303.84"
1746001533,גינון רכבים בטוח,"29,000.00","28,112.09"
1746001534,גינון רכבים ליסינג,"45,000.00","35,347.28"
1747000110,בריכת יגור - שכר,"84,991.00","77,778.09"
1747000130,שכר שעות נוספות,"73,014.00","96,301.10"
1747000320,שכר פיצויים,,
1747000430,בריכת יגור-חשמל,"38,500.00","35,831.95"
1747000432,בריכת יגור - מים,"150,000.00","74,774.60"
1747000540,בריכת יגור בזק,"2,200.00","2,240.60"
1747000750,"בריכת יגור- כ""א עב' קבלניות","60,000.00","79,260.75"
1747000760,בריכת יגור  - שמירה,"100,000.00","96,111.47"
1747000780,בריכת יגור-הוצ' שונות,"140,000.00","130,116.22"
1747001110,מזנון יגור שכר,"15,915.00","18,482.50"
1747001130,שכר שעות נוספות,"2,867.00","1,060.50"
1747001780,מזנון בריכת יגור - פעולות,"120,000.00","115,723.95"
1747300110,בריכת אפק  - שכר,"1,992,761.00","2,092,519.32"
1747300130,שכר שעות נוספות,"233,173.00","343,811.10"
1747300420,בריכת אפק אחזקה ותקונים,"100,000.00","169,932.58"
1747300430,בריכת אפק-חשמל,"600,000.00","653,580.96"
1747300432,בריכת אפק-מים וביוב,"300,000.00","400,434.40"
1747300531,בריכת אפק רכבים- דלק,"14,500.00","30,207.35"
1747300532,בריכת אפק רכבים - תיקונים,"10,000.00","15,638.99"
1747300533,בריכת אפק רכבים - רישוי וביטוח,"13,000.00","23,073.00"
1747300534,בריכת אפק - רכבים בליסינג,"33,000.00","35,971.36"
1747300540,בריכת אפק-טלפון בזק,"11,000.00","9,073.77"
1747300541,בריכת אפק-טלפון סלול,"13,000.00","12,091.51"
1747300550,בריכת אפק פרסום,"90,000.00","91,658.00"
1747300740,בריכת  אפק ציוד,"50,000.00","18,004.22"
1747300750,"בריכת אפק -כ""א עב' קבלניות","300,000.00","326,377.33"
1747300760,בריכת אפק-שמירה,"240,000.00","202,951.20"
1747300780,בריכת אפק תפעול,"770,000.00","1,094,209.94"
1747300800,"מתקני כושר נגישים - ב""ל",,
1747301110,מזנון בריכת אפק - שכר,"147,731.00","152,200.00"
1747301130,שכר שעות נוספות,"24,931.00","26,748.00"
1747301780,מזנון בריכת אפק - פעולות,"250,000.00","265,547.69"
1747302110,בריכת אפק חוגים-שכר,"26,406.00","16,318.50"
1747302320,משכ.פיצויים,,"10,010.00"
1747302780,ב.אפק חוגים הוצ' שונות,"90,000.00","119,720.00"
1748000110,חברה קדישא -שכר,"1,097,908.00","1,016,228.91"
1748000130,שכר שעות נוספות,"136,806.00","188,229.60"
1748000320,משכ.פיצויים,,"45,317.30"
1748000432,חברה קדישא-מים וביוב,"39,000.00","39,897.80"
1748000531,חברה קדישא -רכבים דלק,"57,500.00","15,438.18"
1748000532,חברה קדישא-רכבים תיקונים,"45,000.00","24,549.93"
1748000533,חברה קדישא- רכבים ביטו,"17,000.00","12,342.00"
1748000534,חברה קדישא -  רכבים ליסינג,"49,000.00","1,343.84"
1748000540,חברה קדישא-טלפון בזק,"2,700.00","2,763.63"
1748000541,חברה קדישא-טלפון סלול,"5,000.00","5,030.15"
1748000750,חברה קדישא - עב' קבלניו,"65,000.00","59,105.02"
1748000780,חברה קדישא- הוצ' שונות,"130,000.00","113,102.83"
1748001310,חברה קדישא- שכר פנסיה,"72,881.00","95,995.46"
1748001750,חברה קדישא- הסעות,"80,000.00","179,697.83"
1751000110,אירועים -שכר,,115.06
1751000130,שכר שעות נוספות,,"1,000.00"
1751000780,"יום עצמאות,זכרון ושואה",,
1752000780,כנסים ואירועים,,
1756000780,לא פעיל - קשרי חוץ ואירועים בי,,
1761000110,מוקד עירוני- שכר,"395,043.00","576,861.80"
1761000130,מוקד עירוני-שעות נוספות,"51,618.00","93,190.25"
1761000430,מוקד עירוני -הוצ'  חשמל,"6,600.00","8,603.51"
1761000541,מוקד עירוני-טלפון  סלולרי,"9,000.00","7,736.60"
1761000750,"מוקד-  עב' קבלניות כ""א",,
1761000780,מוקד עירוני שונות,"30,000.00","30,680.36"
1764000540,תרבות הדיור-טלפון בז,"1,800.00","1,857.90"
1764000541,תרבות הדיור-טלפון סל,500,
1764000780,תרבות הדיור הוצ' שונות,"3,000.00","1,881.74"
1765000810,מרכז שלטון מקומי - דמי חבר,"110,000.00","118,200.00"
1766000780,רווחת העובד,,"1,020,841.77"
1766000810,רווחת העובד- השתת' עירייה,"1,050,000.00",
1767000440,ביטוח נכסי עירייה כללי,"150,000.00","554,414.00"
1769000110,הדבקת מודעות-שכר,"4,342.00","4,540.64"
1769000130,שכר שעות נוספות,"13,495.00","18,464.80"
1769000780,מודעות-הדבקה,"5,000.00","2,983.95"
1772000110,שכר -חוק עזר שמירה,"540,093.00","545,163.96"
1772000130,שכר שעות נוספות,"63,735.00","81,718.80"
1772000531,שמירה - רכבים דלק,,"52,523.10"
1772000532,שמירה - רכבים תיקונים,,549.4
1772000534,שמירה - רכבים בליסינג,"134,000.00","39,225.62"
1772000541,שמירה - הוצ' סלולרי,"10,000.00",
1772000760,שמירה  - איזור תעשיה,"700,000.00","710,061.89"
1772000780,שמירה ברחבי העיר - חוק עזר,"20,000.00","45,577.84"
1772100110,מינהלת איזור תעשיה-שכר,"237,252.00","210,561.11"
1772100130,מינהלת א.תעשיה - שעות נוספות,"2,639.00","10,657.05"
1772100430,מינהלת א.תעשיה - הוצ' חשמל,,"3,278.83"
1772100540,מינהלת א.תעשיה - טלפון בזק,"6,000.00","5,403.97"
1772100541,מינהלת א.תעשייה - סלולרי,"3,000.00","1,133.93"
1772100750,מינהלת איזור תעשייה - פעולות,"15,000.00","13,768.73"
1781000110,פיקוח - שכר,"1,111,185.00","1,396,445.29"
1781000130,שכר שעות נוספות,"112,713.00","279,450.05"
1781000320,משכ.פיצויים,,
1781000430,פיקוח - הוצ' חשמל,"8,800.00","8,604.56"
1781000512,פיקוח נסיעות ואשל,"1,000.00",
1781000531,פיקוח רכבים דלק,"40,200.00","111,208.05"
1781000532,פיקוח רכבים תיקונים,"52,000.00","112,578.33"
1781000533,פיקוח רכבים ביטוח,"58,000.00","73,946.00"
1781000534,פיקוח רכבים ליסינג,"50,000.00","95,471.06"
1781000541,פיקוח-טלפון סלולרי,"33,000.00","68,380.85"
1781000570,פיקוח חניה- הוצ' דפוס/ גביה/עמלות,"200,000.00","742,548.03"
1781000740,פיקוח ביגוד,"6,000.00","12,100.00"
1781000760,שוק עירוני,"120,000.00","113,224.46"
1781000780,פיקוח-הוצאות שונות,"20,000.00","49,768.12"
1782000110,בית משפט מקומי - שכר,"352,584.00","377,929.92"
1782000130,שכר שעות נוספות,"1,039.00","1,413.85"
1782000541,בית משפט - הוצ' סלולרי,"1,000.00",
1782000810,בית משפט מקומי השתת' עירייה,"20,000.00","71,783.24"
1782001310,בית משפט שכר פנסיה,"39,807.00","40,503.30"
1811000110,מינהל החינוך - שכר,"1,936,486.00","2,107,560.45"
1811000130,שכר שעות נוספות,"71,490.00","111,700.05"
1811000320,משכ.פיצויים,,
1811000420,חינוך -בטיחות במוסדות,"47,500.00","38,920.30"
1811000470,חינוך ציוד משרדי ושונות,"20,000.00","23,609.08"
1811000511,חינוך כיבודים,"2,500.00","1,365.17"
1811000521,חינוך השתלמויות ודמי חבר,"1,500.00","1,379.00"
1811000531,חינוך - רכבים דלק,"13,500.00","22,035.64"
1811000532,חינוך - רכבים תיקונים,"5,000.00","22,122.68"
1811000533,חינוך רכבים - ביטוחים,"2,000.00","8,421.00"
1811000534,מינהל החינוך - רכבים בליסינג,"33,000.00","34,007.70"
1811000540,חינוך-טלפון בזק,"15,000.00","7,073.16"
1811000541,חינוך-טלפון סלולרי,"23,000.00","23,288.64"
1811000583,"חינוך אמ.בי שכ""ט ואגרות","35,000.00","17,589.11"
1812200110,גני חובה - שכר,"2,090,113.00","2,238,484.21"
1812200130,שכר שעות נוספות,"6,515.00","8,656.85"
1812200320,משכ.פיצויים,,
1812200420,גני חובה תיקונים,"20,000.00","16,936.15"
1812200430,גני חובה חשמל,"169,000.00","223,666.73"
1812200432,גני חובה-מים וביוב,"72,000.00","110,604.40"
1812200780,גני חובה שונות,"150,000.00","134,571.95"
1812200781,"חומרים הורים גנ""י","16,431.00","16,846.42"
1812300110,גני טרום חובה -שכר,"1,976,200.00","2,169,063.78"
1812300130,שכר שעות נוספות,"3,484.00","5,763.25"
1812300320,משכ.פיצויים,,
1812300540,גני טרום חובה טלפון,"50,000.00","39,660.67"
1812300780,גני טרום חובה שונות,"130,000.00","122,465.19"
1812300781,"חינוך מיוחד גנ""י","22,282.00","24,662.36"
1812300800,לא פעיל - גני ט.חובה רציפות זכויות,"550,000.00","539,306.77"
1812300810,גני ט.חובה  - השת.גננות עובדות מדינה,"4,459,320.00","5,595,212.00"
1812301110,גן צלילים -שכר,"95,502.00","143,293.94"
1812301130,שכר שעות נוספות,"2,017.00","1,408.95"
1812301740,גן צלילים ציוד,"1,000.00",437
1812302110,"אחזקת גנ""י- שכר","155,423.00","154,535.93"
1812302531,"אחזקת גנ""י רכב דלק","34,000.00","51,054.49"
1812302532,"אחזקת גנ""י רכב תיקונים","40,000.00","58,098.75"
1812302533,"אחזקת גנ""י רכב ביטוחים","20,000.00","30,322.29"
1812302534,"אחזקת גנ""י רכב ליסינג","33,000.00","35,140.51"
1812302750,"אחזקת גנ""י - חומרים","20,000.00","14,821.15"
1812303800,"תמיכה גנ""י-מוכר שאינו רישמי","110,000.00","110,066.72"
1812304110,גני ילדים PDD שכר,"175,875.00","145,082.31"
1812304130,שכר שעות נוספות,,892.15
1812304780,גני ילדים PDD פעולות,,"1,620.00"
1812400430,"גיל הרך צו""ש חשמל",,"19,387.45"
1812400540,"גיל הרך צו""ש-טלפון ב",,
1812402110,גיל הרך פרפר - שכר,"677,805.00","644,810.29"
1812402130,שכר שעות נוספות,"11,116.00","9,011.95"
1812402430,גיל הרך פרפר-חשמל,"24,000.00","26,979.74"
1812402540,גיל הרך פרפר-טלפון ב,"4,300.00","4,312.84"
1812402541,גיל הרך פרפר סלולרי,"1,400.00","1,140.78"
1812402780,גיל הרך פרפר שונות,,"1,537.80"
1812800110,"גנ""י קייטנות - שכר","101,066.00","138,993.66"
1812800130,"שכר ש""נ גנ""י קייטנות",,564.8
1813200110,בתי ספר יסודיים- שכר,"3,768,042.00","3,805,810.72"
1813200130,שכר שעות נוספות,"33,623.00","17,024.40"
1813200320,משכ.פיצויים,,
1813200420,"בתי""ס אחזקה ותיקונים","100,000.00","60,548.85"
1813200432,"בתי""ס יסודיים-מים וב","50,000.00","8,130.30"
1813200440,"בתי""ס יסודיים ביטוח","80,000.00","118,275.34"
1813200450,"בתי""ס ריהוט","60,000.00","56,014.45"
1813200451,"בתי""ס מחשבים ליסינג",,
1813200740,"בתי""ס יסודיים ספרים","30,000.00","22,610.00"
1813200741,השאלת ספרי לימוד,"95,000.00","95,264.60"
1813200750,"בתי""ס יסודיים בי""ס מנגן",,
1813200751,"בתי""ס - כ""א עב' קבלניות",,
1813200752,חינוך שיקום תעסוקתי,"90,000.00","101,249.06"
1813200753,"טיפוח יחס חיובי לבע""ח","21,283.00","21,473.50"
1813200760,"בתי""ס יסודים שמירה","600,000.00","657,205.47"
1813200780,"בתי""ס-הוצ' שונות","90,000.00","85,613.12"
1813200781,טיולים - השתתפות ממשלה,,"105,783.42"
1813200810,"בתי""ס א.תלמידי חוץ","1,100,000.00","1,201,950.20"
1813200811,"מחשב לכל ילד בתי""ס","30,000.00","18,945.00"
1813200812,"בתי""ס - השתת' הרשות 55 ש""ח","126,995.00",
1813200820,"בתי""ס - מרכיבי בטחון מצ'ינג","197,920.00","289,784.23"
1813200830,פרוייקט אתגרים,"20,000.00","20,000.00"
1813200840,"בתי""ס - מרפאת שיניים","73,000.00","20,736.75"
1813200850,"בי""ס הבונים מיזם קהילתי","50,000.00","40,017.00"
1813200900,ליקויי ראיה השתת' יוזמות,"2,000.00","1,810.70"
1813201110,"בי""ס מנגן - שכר","74,112.00","71,963.59"
1813201430,"בי""ס ביאליק-חשמל","50,000.00","59,738.96"
1813201434,"בי""ס ביאליק-נקיון","268,000.00","276,419.64"
1813201540,"בי""ס ביאליק-טלפון בז","3,590.00",483.54
1813201742,"בי""ס ביאליק אחזקה","24,905.00","5,807.32"
1813201870,"בי""ס ביאליק - ניהול עצמי",,"179,080.26"
1813202430,"בי""ס הבונים-חשמל","60,000.00","142,799.96"
1813202434,"בי""ס הבונים-נקיון","214,000.00","312,044.97"
1813202540,"בי""ס הבונים-טלפון בז","3,034.00",898.99
1813202742,"בי""ס הבונים-אחזקה","27,905.00","7,585.84"
1813202780,אגרת שכפול יסודי,"40,000.00",
1813202870,"בי""ס הבונים- ניהול עצמי",,"269,816.75"
1813203430,"בי""ס נעורים-חשמל","35,000.00","71,113.64"
1813203434,"בי""ס נעורים-נקיון","293,000.00","291,924.50"
1813203540,"בי""ס נעורים-טלפון בז","4,881.00","2,664.99"
1813203742,"בי""ס נעורים אחזקה","23,960.00","6,897.41"
1813203780,סל תלמיד עולה,"15,000.00","120,916.49"
1813203870,"בי""ס נעורים - ניהול עצמי",,"152,031.17"
1813204110,PDD קדימה - שכר,"783,886.00","986,812.13"
1813204130,שכר שעות נוספות,"2,344.00","6,394.15"
1813204430,"בי""ס קדימה-חשמל","150,000.00","76,749.65"
1813204434,"בי""ס קדימה-נקיון","397,000.00","402,720.88"
1813204540,"בי""ס קדימה-טלפון בזק","3,736.00","1,864.28"
1813204740,PDD  קדימה-מזון,"60,000.00","65,215.00"
1813204741,אגרות תלמידי חוץ העב,"70,000.00","4,402.88"
1813204742,"בי""ס קדימה- אחזקה","23,020.00","10,890.53"
1813204743,PDD קדימה-אחזקה,"53,151.00","87,370.40"
1813204750,"PDD קדימה- כ""א עב' קבלניות",,
1813204780,"חומרים הורים-בתי""ס י","71,220.00",
1813204870,"בי""ס קדימה-ניהול עצמי",,"336,167.37"
1813204981,"PDD דפנה רכישות ב""ל",,
1813204982,"PDD חט""ע רכישות ב""ל","35,500.00","6,644.04"
1813205430,"בי""ס רמב""ם-חשמל","80,000.00","27,007.93"
1813205434,"בי""ס רמב""ם-נקיון","200,000.00","119,242.88"
1813205540,"בי""ס רמב""ם-טלפון בזק","3,320.00","3,099.76"
1813205742,"בי""ס רמב""ם- אחזקה","31,125.00","13,740.53"
1813205870,"בי""ס רמב""ם-ניהול עצמי",,"46,500.00"
1813206430,"בי""ס צו""ש-חשמל","60,000.00","47,118.59"
1813206434,"בי""ס פסגות (צו""ש) -נקיון","228,000.00","246,239.53"
1813206540,"בי""ס צו""ש-טלפון בזק","4,967.00","1,805.36"
1813206742,"בי""ס צור שלום-אחזקה","29,375.00","8,811.87"
1813206870,"בי""ס פסגות(צו""ש) - ניהול עצמי",,"177,786.74"
1813207750,"שפוצים בבתי""ס וגנ""י","180,000.00","148,687.00"
1813300780,"פנימיות יום  מיל""ת הוצאות","90,000.00","164,730.28"
1813300800,פנימיות יום - השתת' עירייה,,
1813302110,מועדוניות תבור וחרמון - שכר,"390,136.00","478,835.71"
1813302130,שכר שעות נוספות,427,"4,299.80"
1813302430,תבור וחרמון-חשמל,"8,800.00","30,347.47"
1813302540,תבור וחרמון-טלפון בז,"2,343.00","2,229.67"
1813302780,תבור וחרמון- הוצ' שונות,"120,000.00","91,404.04"
1813400800,יוזמות חינוכיות-השתת,"60,000.00","37,923.00"
1813600780,"חינוך משלים - מש""ל","320,000.00","286,689.00"
1813700110,משכורות רווחה חינוכית,"252,644.00","197,275.84"
1813700750,"רווחה חינוכית - כ""א עב' קבלניות","57,356.00","27,900.00"
1813700800,רווחה חינוכית השתת,,"50,516.50"
1814000110,שכר אורט,,"4,171.62"
1814000810,"אורט-תיכון,חט""ב השתת'","34,895,337.00","36,109,143.84"
1814000811,אורט - נסיעה לפולין,"70,000.00","60,000.00"
1814002110,"פרוייקט אומ""ץ משכורו","2,963.00",
1814002810,"חט""ב פ. אומ""ץ","136,500.00","70,000.00"
1814003810,"אורט-פ 100./נט""ע","100,000.00","80,000.00"
1814005812,"חט""ב - תוכנית נטע","45,000.00","1,700.00"
1814006110,שכר אורט מרכז למידה,,"8,833.83"
1814006780,אורט מרכז למידה - פעולות,,897.43
1816800850,מלגות לסטודנטים,"200,000.00","197,700.00"
1816800851,מלגות לסטודנטים - אגודה הדדית,"40,000.00","32,000.00"
1817200800,שגרירים מפתח הלב,"6,400.00","27,500.00"
1817300110,שירות פסיכולוגי - שכר,"1,577,867.00","1,553,561.95"
1817300130,שכר שעות נוספות,"21,047.00","16,298.05"
1817300410,"פסיכולוגי שכ""ד","40,000.00","38,112.71"
1817300430,פסיכולוגי-חשמל,"6,600.00","8,740.22"
1817300432,פסיכולוגי-מים וביוב,"3,500.00","4,937.10"
1817300521,פסיכולוגי-השתלמויות,"15,000.00","28,768.47"
1817300540,פסיכולוגי-טלפון בזק,"10,000.00","6,702.29"
1817300541,פסיכולוגי-טלפון סלול,"8,000.00","8,428.56"
1817300740,פסיכולוגי ציוד,"5,000.00","6,083.25"
1817300750,פסיכולוגי הדרכות,"60,000.00","57,139.55"
1817300780,פסיכולוגי שונות,"12,000.00","17,490.04"
1817600780,טיפול בפרט,,"2,400.00"
1817800750,הסעות תלמידים בחינוך,"2,241,800.00","2,902,278.13"
1817902780,שקום שכונות (לא פעיל),,
1819000130,שכר שעות נוספות,,
1819000780,עיר ללא אלימות - הוצ' שונות,,
1821000110,אגף גיוס משאבים- שכר,"427,935.00","519,881.61"
1821000130,שכר שעות נוספות,"29,748.00","44,150.90"
1821000420,גיוס משאבים- אחזקה ותיקוני,"10,000.00","10,514.72"
1821000430,גיוס משאבים-הוצ' חשמל,"15,400.00","17,207.25"
1821000470,גיוס משאבים- ציוד משרדי,"10,000.00","19,151.85"
1821000531,גיוס משאבים-רכב-דלק,"13,500.00","14,291.19"
1821000532,תרבות-רכב-תיקונים,,"1,740.61"
1821000534,גיוס משאבים-רכבים ליסינג,"31,000.00","29,124.85"
1821000540,גיוס משאבים-טלפון בזק,"12,000.00","2,333.16"
1821000541,גיוס משאבים-טלפון סלולרי,"3,000.00","3,520.02"
1821000750,גיוס משאבים-עב' קבלניות,"220,000.00","213,405.00"
1821000760,אירועים שמירה (לא פעיל),,
1821000780,הוצ' תמלוגים,"65,000.00","75,530.00"
1822000110,בית חן שכר,"50,692.00","52,526.80"
1822000130,בית חן -שעות נוספות,"14,958.00","14,382.35"
1822000420,בית חן אחזקה,"12,000.00","40,451.33"
1822000430,בית חן-חשמל,"44,000.00","64,330.73"
1822000540,בית חן-טלפון בזק,"2,500.00","1,901.47"
1822000780,בית חן - פעולות תרבות,"290,000.00","323,822.81"
1822001110,צעירי ביאליק  - שכר,"140,393.00","140,406.80"
1822001780,צעירי ביאליק הוצ' שונות,"130,000.00","132,340.50"
1822005110, סל תרבות - שכר,"75,313.00","76,931.96"
1822005130,שכר שעות נוספות,"5,438.00","10,989.85"
1822005541,סל תרבות-טלפון סלולר,"1,400.00","1,383.34"
1822005780,סל תרבות- פעולות,"203,000.00","155,614.00"
1822006780,חידון ביאליק,"30,000.00","14,538.57"
1822007780,פסטיבל ביאליק,"200,000.00","199,137.17"
1822008780,כנסים ואירועים,"75,000.00","56,861.63"
1822009780,קשרי חוץ,"60,000.00","84,551.66"
1822010130,יום עצמאות - שכר שעות נוספות,900,
1822010780,"יום עצמאות,זכרון ושואה","800,000.00","903,181.69"
1822012780,פורים - עדלאידע,"62,000.00","55,999.04"
1822015780,מימונה,"95,000.00","122,839.67"
1822017110,מעמד האישה - שכר,"20,000.00",
1822017780,מעמד האישה - פעולות,"35,000.00","38,280.00"
1822018780,גימלאים,"30,000.00","28,970.24"
1822020110,להקה אתיופית - שכר,"33,185.00","33,026.17"
1822020740,להקה אתיופ' הקלטות,,
1822020780,להקה אתיופ' הוצ' פעולות,"10,000.00",
1822021750,להקה גרוזינית-מדריך,,
1822021780,להקה גרוזינית - שונות,,
1823000110,ספריה - שכר,"471,817.00","551,918.14"
1823000130,שכר שעות נוספות,"26,815.00","36,420.05"
1823000320,משכ.פיצויים,,
1823000420,ספריה אחזקה ותיקונים,"10,000.00","32,673.11"
1823000430,ספריה חשמל,"60,000.00","65,808.88"
1823000432,ספריה מים וביוב,"4,500.00","5,150.20"
1823000440,ספריה ביטוח,"5,000.00",
1823000540,ספריה-טלפון בזק,"7,000.00","6,738.13"
1823000541,ספריה טל.סלולרי,"2,000.00","1,488.66"
1823000740,ספריה ציוד ושונות,"30,000.00","26,260.46"
1823000743,ספריה - רכישת ספרים,"1,000.00",
1823000750,ספריה עבודות קבלניות,,"9,562.30"
1824000110,"מתנ""ס צור שלום  - שכר","191,547.00","182,963.68"
1824000130,שכר שעות נוספות,"13,482.00","9,598.00"
1824000320,משכ.פיצויים,,
1824000430,"מתנ""ס צו""ש-חשמל","77,000.00","16,000.30"
1824000432,"מתנ""ס צו""ש-מים וביוב","5,000.00","4,587.50"
1824000531,"מתנ""ס צו""ש -רכב דלק","11,000.00","12,189.77"
1824000532,"מתנ""ס צו""ש- רכב תיקונים","12,000.00","15,576.29"
1824000533,"מתנ""ס צו""ש- רכב ביטוחים","5,000.00","13,993.00"
1824000540,"מתנ""ס צו""ש -טלפון בז","11,000.00","7,083.49"
1824000541,"מתנ""ס צו""ש-טלפון סלו","3,800.00","5,163.81"
1824000750,"מתנ""ס צו""ש -כ""א עב' קבלניות",,"3,538.10"
1824000780,"מתנ""ס צו""ש -שונות",,"13,403.14"
1824000800,מועדון קהילה אתיופית,,"3,024.50"
1824000810,"מרכז גיל הרך  - רשת המתנסי""ם",,
1824000820,"רכזת גיל הרך- רשת המתנסי""ם",,
1824004110,צהרונים - שכר,"802,650.00","717,196.66"
1824004130,שכר שעות נוספות,"82,601.00","98,776.25"
1824004430,צהרונים -חשמל,"11,000.00","13,418.66"
1824004541,צהרונים-טלפון סלולרי,"1,300.00",941.48
1824004800,צהרונים שונות,,"6,469.00"
1824004810,"צהרונים-העברה למתנ""ס ק.ביאליק",,
1824004860,הנחות צהרונים,,
1825100432,קונסרבטוריון-מים ובי,"2,000.00","1,615.40"
1825100540,קונסרבטוריון-טלפון ב,"1,900.00","1,551.07"
1825100800,קונסרבטוריון-השתתפות,"300,000.00","308,910.00"
1826300430,פארק נופש פעיל-חשמל,"14,000.00","39,947.56"
1826300432,פארק נופש פעיל-מים וביוב,"60,000.00","83,046.90"
1826300760,פארק נופש פעיל - שמירה,,68.63
1826400110,יד לבנים- שכר,"193,132.00","139,813.76"
1826400130,שכר שעות נוספות,"4,957.00","47,933.35"
1826400320,משכ.פיצויים,,
1826400430,יד לבנים- הוצ' חשמל,"89,000.00","114,160.28"
1826400540,יד לבנים - טלפון בזק,"4,000.00","3,987.38"
1826400541,יד לבנים - סלולרי,"1,400.00","1,108.67"
1826400750,יד לבנים- אחזקה,"20,000.00","11,714.50"
1826400760,לא פעיל  (שמירה),,
1826400780,יד לבנים - הוצ' שונות,"10,000.00","8,311.39"
1826401410,"אגודה הדדית-שכ""ד","24,000.00","24,000.00"
1826402110,מועדון דן- שכר,"330,360.00","303,583.27"
1826402130,שכר שעות נוספות,"40,139.00","54,700.15"
1826402320,משכ.פיצויים,,
1826402430,מועדון דן-חשמל,"16,500.00","18,173.40"
1826402540,מועדון דן-טלפון בזק,"6,500.00","6,272.09"
1826402541,מועדון דן-טלפון סלול,"4,200.00","3,500.28"
1826402750,"מועדון דן - כ""א עב' קבלניות",,"1,294.40"
1826402780,מועדון דן שונות,,"1,523.56"
1826403430,מועדון עופרים-חשמל,"13,000.00","3,169.69"
1826403540,"מתנ""ס דרום - טלפון בזק","3,000.00","1,684.27"
1826403780,"מתנ""ס דרום- רשת המתנסי""ם",,
1826404110,"חוגים בתי""ס - שכר","17,557.00","18,986.45"
1826405110,מועדון ברנר - שכר,"249,615.00","248,890.21"
1826405130,שכר שעות נוספות,"6,219.00","8,583.15"
1826405320,שכר פיצויים,,
1826405430,מועדון ברנר-חשמל,"8,800.00","11,717.24"
1826405540,מועדון ברנר-טלפון בז,"1,300.00","1,454.19"
1826405541,מועדון ברנר - סלולרי,,340.22
1826405780,מועדון ברנר-שונות,"4,000.00","3,981.21"
1826406110,אשכול פיס - שכר,"331,559.00","353,943.59"
1826406130,שכר שעות נוספות,"12,798.00","17,559.00"
1826406320,משכ.פיצויים,,
1826406420,אשכול פיס-אחזקה ותיקונים,"50,000.00","47,457.86"
1826406421,אשכול פיס תחזוקת מחשבים,"10,000.00","7,386.00"
1826406430,אשכול פיס-חשמל,"150,000.00","213,682.92"
1826406432,אשכול פיס-מים וביוב,"27,000.00","62,516.00"
1826406470,אשכול פיס-ציוד משרדי,,"5,218.00"
1826406540,אשכול פיס-טלפון,"25,000.00","22,420.35"
1826406541,אשכול פיס-טלפון סלול,"2,000.00","4,189.81"
1826406750,"אשכול פיס- כ""א עב' קבלניות","125,000.00","149,231.10"
1826406780,אשכול פיס-שונות,"45,000.00","37,039.10"
1826406800,"אשכול פיס - העברות למתנ""ס ק.ביאליק",,
1826406810,אשכול פיס-השתת' בפרוייקטים,,"214,397.35"
1826407110,יד לבנים שכר (סעיף לא פעיל),,
1826407430,יד לבנים חשמל (סעיף לא פעיל),,
1826407540,יד לבנים - בזק (סעיף לא פעיל),,42.32
1826407780,יד לבנים שונות (סעיף לא פעיל),,
1826408110,רב תכליתי - שכר,"112,131.00","120,902.13"
1826408130,שכר שעות נוספות,"70,694.00","86,053.90"
1826408320,שכר פיצויים,,
1826408430,רב תכליתי - הוצ' חשמל,,
1826408432,רב תכליתי - מים וביוב,"30,000.00","20,653.00"
1826408541,רב תכליתי - סלולרי,"1,400.00","1,121.72"
1826408750,"רב תכליתי - עב'  קבלניות כ""א",,
1826408800,רב תכליתי - השתת' עירייה,,
1826409110,מועדון גאולים -שכר,"57,714.00","150,361.29"
1826409130,שכר ש.נוספות מועדון,"2,017.00","1,052.95"
1826409780,מועדון גאולים לגיל ה,"3,000.00","1,843.14"
1827000780,"לא פעיל - תרבות תורנית מתנ""ס",,
1827000800,"השתתפות במתנ""ס ביאליק","1,258,000.00","1,258,000.00"
1827000810,"הנחות מתנ""ס ביאליק","100,000.00","113,376.50"
1828200110,קידום נוער - שכר,"364,301.00","461,815.47"
1828200130,שכר שעות נוספות,293,206.2
1828200320,משכ.פיצויים,,
1828200430,נוער חשמל,"3,000.00","5,186.46"
1828200540,קידום נוער-טלפון בזק,"4,800.00","3,538.73"
1828200541,קידום נוער-טלפון סלו,"2,200.00","3,562.09"
1828200750,קידום נוער - הוצ' חשמל,,"12,507.00"
1828200780,קידום נוער-הוצ' פעולות,"15,000.00","21,041.51"
1828200782,"פרוייקט "" אחרי ""","81,000.00","82,518.18"
1828500110,"נוער מדצי""ם - שכר","120,000.00","58,083.08"
1828500130,שכר - שעות נוספות,,"2,204.30"
1828500780,נוער - פעולות,"100,000.00","137,892.10"
1828501780,"רכז נוער ק.אתיופית - רשת המתנסי""ם",,
1828504780,אירועי קיץ נוער,"30,000.00","37,787.43"
1828998432,נוער מים וביוב,,187.1
1828998800,נוער שיפוץ מבנים,,
1828999800,תמיכות תנועות נוער,"200,000.00","160,371.23"
1829100110,מינהל הספורט - שכר,"103,536.00","107,252.80"
1829100130,שכר שעות נוספות,186,"9,320.00"
1829100541,מינהל הספורט-טלפון ס,"1,400.00","1,364.50"
1829100780,מינהל הספורט - הוצ' שונות,"2,000.00","2,786.73"
1829200110,מגרשי ספורט - שכר,"267,604.00","343,089.79"
1829200130,שכר שעות נוספות,"76,371.00","74,249.70"
1829200420,מגרשי ספורט - אחזקה וגינון,"100,000.00","133,764.60"
1829200430,מגרשי ספורט-חשמל,"11,000.00","6,463.93"
1829200432,מגרשי ספורט-מים וביו,"200,000.00","185,114.60"
1829200531,מגרשי ספורט-רכב דלק,"13,000.00","12,987.18"
1829200532,מגרשי ספורט-רכב תקונים,"13,000.00","16,432.63"
1829200533,מגרשי ספורט-רכב ביטוח,"8,000.00","7,617.00"
1829200541,מגרשי ספורט-טלפון סל,"6,500.00","8,293.43"
1829200750,"מגרשי ספורט - כ""א עב' קבלניות","75,000.00","91,427.25"
1829200780,מגרשי ספורט הוצ.שונו,"5,000.00",668
1829300110,אולמות ספורט - שכר,"955,864.00","1,196,795.69"
1829300130,שעות נוספות אולמות ס,"68,209.00","132,869.90"
1829300420,אולמות ספורט אחזקה ותיקונים,"30,000.00","21,956.92"
1829300430,אולמות ספורט - הוצ' חשמל,"66,000.00","60,066.41"
1829300432,אולמות ספורט - מים,"25,000.00","29,547.90"
1829300531,אולמות ספורט- רכבים דלק,"1,000.00",
1829300532,אולמות ספורט-רכבים תיקונים,"3,000.00",
1829300533,אולמות ספורט-רכבים ביטוח,"1,000.00","3,130.00"
1829300540,אולמות ספורט - הוצ' בזק,"1,000.00",
1829300541,אולמות ספורט-טלפון ס,"7,300.00","7,634.91"
1829300740,אולמות ספורט ציוד,"9,000.00","7,558.40"
1829300750,"אולמות ספורט- כ""א עב' קבלניות","45,000.00","98,833.60"
1829300780,אולמות ספורט הוצ' שונות,"7,000.00","50,417.04"
1829301781,חוגי כדורגל השת' עירייה,,
1829302110,שכר -צעדה ומירוץ,,"3,227.23"
1829302130,שכר שעות נוספות,,"5,776.45"
1829302780,צעדה ומירוץ,"240,000.00","191,401.06"
1829303780,טורנירים בספורט,,
1829303800,"יוזמות ספורט (""זוזו"")  -מצ'ינג",,"41,714.00"
1829909780,ערוני התעמלות שווי שימוש,,
1829914800,תמיכות אגודות ספורט,"2,347,000.00","2,274,137.00"
1832400110,טיפת חלב - שכר,"204,016.00","180,816.18"
1832400130,שכר שעות נוספות,,
1832400320,שכר פיצויים,,"19,954.50"
1832400750,"טיפת חלב-כ""א עב' קבלניות",,
1832400780,טיפת חלב-הוצ' שונות,"2,000.00","9,308.68"
1839000810,"מד""א השתתפויות","180,000.00","186,856.00"
1841000110,רווחה  - שכר,"3,909,739.00","4,311,003.80"
1841000130,שכר שעות נוספות,"34,832.00","51,593.55"
1841000420,רווחה אחזקה ותיקונים,"10,000.00","19,328.58"
1841000430,רווחה חשמל,"55,000.00","58,480.38"
1841000450,רווחה - ריהוט וציוד,,"22,667.00"
1841000470,רווחה ציוד משרדי,"13,000.00","18,386.11"
1841000511,רווחה - הוצ' כיבוד,"5,000.00","6,290.38"
1841000512,רווחה - הוצ' נסיעות,"13,000.00","15,502.13"
1841000540,רווחה-טלפון בזק,"64,000.00","36,408.14"
1841000541,רווחה-טלפון סלולרי,"10,000.00","12,885.07"
1841000750,"רווחה - כ""א עב' קבלניות","32,000.00","9,054.30"
1841000780,רווחה הוצ' שונות,"13,000.00","14,082.75"
1841000860,הנחות רווחה,,
1842200800,צרכים מיוחדים השת' ע,"150,000.00","126,555.00"
1842200840,צרכים מיוחדים תמיכות,"454,000.00","312,193.00"
1842400110,מרכזי טיפול במשפחה - שכר,"20,301.00","40,441.88"
1842400800,מרכזי טיפול במשפחה ה,"43,000.00","57,407.54"
1842400840,מרכזי טיפול במשפחה,"81,000.00","43,039.00"
1842401800,תחנה לטיפול במשפחה,"10,000.00","51,424.30"
1843500540,סיגליות וקדימה בזק,"2,000.00","2,555.35"
1843500800,מועדוניות סיגליות וקדימה,"115,000.00","91,760.65"
1843500840,מועדוניות סיגליות וקדימה,"140,000.00","115,162.00"
1843501800,פעולות קהילתיות לילד,"27,000.00","39,402.80"
1843501840,פעולות קהילתיות לילד,"213,000.00","416,759.00"
1843800800,אחזקת ילדים בפנימיות,,972
1843800840,אחזקת ילדים בפנימיות,"2,664,000.00","2,732,518.00"
1843801110, עם הפנים לקהילה - שכר,"33,978.00","22,640.46"
1843801800,עם הפנים לקהילה,"140,000.00","182,790.96"
1843801840,תוכנית עם הפנים לקהי,,"4,508.00"
1843900110,משכורות ושכר משולבי,"200,668.00","242,346.38"
1843900130,שכר שעות נוספות,"2,925.00","25,248.35"
1843900800,מעונות- מים הסדר 23,"125,000.00","82,710.80"
1843901840,ילדים במעונות יום,"1,552,000.00","1,491,399.00"
1844002800,"אש""ק השתתפות עירייה","500,000.00","591,155.87"
1844003800,"אש""ק הוצאות רכבים","105,000.00","83,873.72"
1844300800,אחזקת זקנים במעונות,"6,500.00","5,932.43"
1844300840,אחזקת זקנים במעונות,"1,462,000.00","1,283,589.00"
1844400800,שרותים קהילתיים לזקן- השתת' עיריה,"60,000.00","98,759.88"
1844400840,שרותים קהילתיים לזקן,"188,000.00","183,283.00"
1844401800,חסידי אומות עולם השת,"32,000.00","26,543.68"
1844401840,חסידי אומות עולם,"30,000.00","23,375.00"
1844402800,מועדונים לזקנים - השתת' עירייה,"250,000.00","235,578.57"
1844500840,מסגרות יומיות לזקן,"327,000.00","305,958.00"
1844600910,"השתת' בתב""ר תוכנית אב אזרחים ותיקים",,
1845100800,מפגרים,,"1,517.00"
1845100840,מפגרים,"6,500,000.00","7,667,562.00"
1845101840,אוטיסטים,"800,000.00","1,152,836.00"
1845200840,מפגרים במעונות,"724,000.00","793,521.00"
1845300840,מפגרים-שרותים תומכים,"213,000.00","216,528.00"
1846300800,עיוורים,,606
1846300840,עיוורים,"84,000.00","167,249.00"
1846400840,עיוורים - מפעלי שיקום,"153,000.00","278,482.00"
1846500840,נכים בפנימיות,"3,295,000.00","3,539,777.00"
1846600840,מוגבלים,"226,000.00","274,089.00"
1846700800,הסעות נכים השתת' עיריה,,
1846701800,מעון השחר - נכים,"200,000.00","378,854.36"
1846702840,תוכניות שיקום לנכים,"435,000.00","392,995.00"
1846800800,מרכזי יום שיקומיים - נכים,,
1846800840,מרכזי יום שיקומיים - נכים,"194,000.00","253,721.00"
1846802800,נכים - שיקום,"11,000.00","19,640.00"
1846802840,נכים - שיקום,"49,000.00","34,755.00"
1847100110,משכורות נערות במצוקה,"21,902.00","33,915.18"
1847100800,נערות במצוקה - השתת' עירייה,"125,000.00","83,055.37"
1847101800,טיפול בנוער וצעירים,"60,000.00","73,149.57"
1847200840,חסות ארצי,,
1847300110,מניעת סמים - שכר,"64,747.00","89,481.98"
1847300130,שכר שעות נוספות,,"9,382.50"
1847300800,מלחמה בסמים,"30,000.00","82,907.51"
1847300840,מלחמה בסמים,"43,000.00","94,253.00"
1847400840,מפתנים,"114,000.00","143,161.00"
1848300800,מתנדבים,"20,000.00","50,156.63"
1848400800,"שי""ל","2,000.00",667
1848800800,"בית המתנדב - רשת המתנסי""ם","15,000.00",
1849000110,משכורות עולים חדשים,,"1,197.95"
1849000800,פעולות עולים חדשים,"20,000.00","47,189.30"
1849000840,פעולות עולים חדשים,"242,000.00","1,800.00"
1851000432,מועצה דתית-מים וביוב,"60,000.00","83,540.60"
1851000540,בתי כנסת - הוצ' בזק,,
1851000750,דת עבודות קבלניות,"200,000.00","200,000.00"
1851000780,מועצה דתית הוצ' שונות,"40,000.00","42,890.18"
1851000800,מועצה דתית - השתת' עירייה,"1,187,554.00","1,215,424.80"
1860000110,קליטת עליה- שכר,"351,810.00","436,987.05"
1860000130,שכר שעות נוספות,"3,724.00","4,111.05"
1860000320,משכ.פיצויים,,
1860000540,קליטת עליה-טלפון בזק,,"1,232.55"
1860000541,קליטת עליה-טלפון סלו,"3,000.00","1,378.67"
1860000750,"קליטת עליה - כ""א עב' קבלניות",,"44,830.28"
1860000800,קליטת עליה שונות,"40,000.00","30,706.56"
1860000810,עליה - מצ'ינג מ.קליטה,"250,000.00","171,104.14"
1860000820,קליטה-מצי'נג קהילה אתיופית,"100,000.00","17,480.07"
1860000830,קליטה-תרומות קהילה אתיופית,,"62,224.69"
1870000110,איכות הסביבה - שכר,"334,166.00","441,727.89"
1870000130,שכר שעות נוספות,"16,996.00","69,504.20"
1870000540,איכות הסביבה- טלפון בזק,,"2,787.79"
1870000541,איכות הסביבה - הוצ' סלולרי,"3,000.00","5,053.51"
1870000780,איכות הסביבה-הוצ' שונות,"13,000.00","13,737.72"
1870000800,איכות הסביבה השתת' עירייה,"150,000.00","132,232.20"
1870000801,איכות הסביבה מצ'ינג פרוייקטים,"150,000.00","24,400.00"
1870000810,רשות נחל קישון - השתת',"95,000.00","95,594.00"
1870000830,איגוד ערים  א.הסביבה השתת',"70,000.00","70,815.00"
1912000110,מינהל המים - שכר,"411,298.00","472,242.37"
1912000130,שכר שעות נוספות,"7,351.00","10,662.25"
1913000110,מח' מים - שכר,"351,592.00","285,427.17"
1913000130,שכר שעות נוספות,"28,338.00","34,926.30"
1913000320,משכ.פיצויים,,"34,780.65"
1913000430,מים-חשמל,"33,000.00","36,759.63"
1913000440,ביטוח מים,"200,000.00",
1913000540,מים-טלפון בזק,"12,000.00","7,715.06"
1913000541,מים-טלפון סלולרי,"5,000.00","6,436.31"
1913000570,מים-הוצאות מיכון,"312,500.00","312,500.00"
1913000581,מים הוצאות משפטיות,"50,000.00","50,000.00"
1913000740,מים-כלים ותיקונים,"400,000.00","238,453.08"
1913000750,מים עבודות קבלניות,"980,000.00","1,514,948.06"
1913000760,מים שונות,"5,000.00","7,539.08"
1913000780,מים - הוצ' מקורות,"12,500,000.00","13,724,060.00"
1913000900,הוצ' בגין פריצה/שריפה,,"519,057.89"
1913000980,מים -קרן שיקום,,"4,369,771.00"
1913000999,הוצ' הקמת תאגיד מים,,"14,625.11"
1913001531,מים רכבים דלק,"59,000.00","58,806.78"
1913001532,מים רכבים תקונים,"40,000.00","39,271.90"
1913001533,מים רכבים בטוח,"20,000.00","29,733.00"
1931000440,ביטוח נכסי עיריה,"110,000.00",
1935000780,דמי חכירה מינהל קרקע,"20,000.00","4,844.02"
1940000110,תחבורה - שכר,,
1940000130,שכר שעות נוספות,,
1940000532,תחבורה-רכב-תיקונים,,"2,902.00"
1940000533,"תחבורה-רכב-רישוי,ביט",,
1940000541,תחבורה-טלפון סלולרי,"1,000.00",781.6
1940000780,תחבורה - הוצ' שונות,"75,000.00","106,436.00"
1942300780,תחנות אוטובוסים הוצא,,
1972000110,מח' ביוב - שכר,"194,244.00","203,824.40"
1972000130,שכר שעות נוספות,"30,423.00","61,509.75"
1972000430,ביוב-חשמל,"250,000.00","407,082.04"
1972000432,ביוב-מים וביוב,"4,500.00","7,729.90"
1972000540,ביוב-טלפון בזק,"4,500.00",
1972000541,ביוב-טלפון סלולרי,,121.07
1972000570,ביוב-הוצאות מיכון,"312,500.00","312,500.00"
1972000581,ביוב-הוצאות משפטיות,"50,000.00","50,000.00"
1972000750,ביוב-עבודות קבלניות,"500,000.00","325,377.20"
1972000751,ביוב- לסיקו תחנות שאיבה,"1,056,000.00","1,054,147.52"
1972000830,איגוד ערים ביוב - השתת',"3,600,000.00","4,510,130.00"
1990000310,שכר פנסיה,"13,356,000.00","13,486,233.25"
1994000980,הוצ' בלתי צפויות וש.ק,,"106,028.57"
1995000860,הנחות ארנונה,"22,000,000.00","23,145,398.98"
1995000861,הנחות ארנונה מראש,"950,000.00","1,008,723.20"
