1091000001,מספר שלילי,,,,,
1091000580,הוצאות שונות,,,,,
1091000820,ועד_השתתפ'_הנהלה,,,,,
1091000823,שומות וניכויים-מ.ה.+ב.ל,,,,,
1111000100,ארנונה כללית למגורים,,,,,
1111000101,מבצע גביית חובות ארנונה,"-1,231,136,343","-1,328,396,000","-1,411,280,000", ,
1111000113,הנחות תשלומים מראש,"1,222,958,286","1,328,396,000","1,411,280,000",,
1111000114,הנחות הוראות קבע,"-8,178,057",0,0,,
1111000115,הנחות צו מיסים,,,,,
1111000116,הנחות סוציאליות,,,,,
1121000220,תעודות ואישורים,,,,,
1122000220,אגרות רשיונות לשלטים,,,,,
1124100220,מודעות על לוחות,,,,,
1190000990,"יום האשה הבינ""ל",,,,,
1197000910,פיצוי שכר מ.הפנים,"-686,551,919","-800,823,000","-821,440,000",2.57,
1198000910,קופות גמל משרד הפנים,-628,,,,
1211000690,ברירת קנס שמירת סדר,"-332,584",,,,
1212300220,אגרה בגין שרותים וחמרים,"-1,549,403",,,,
1212300221,שינוע פסולת,"-52,850,952",,,,
1212300222,דחסנים פרטיים,"-5,667,876",,,,
1213200220,אגרת רשוי עסקים,"-423,384","-350,000","-350,000",,
1213200221,אגרות רשיונות לשלטים,-47,,,,
1213200222,אגרת שימוש בשטחים ציבורים,-544,,,,
1213200690,פרו' מיחזור נייר,"-46,350","-220,000","-250,000",13.64,
1214200220,"רישוי, חיסון ושבב לכלבים","-747,423,687","-801,393,000","-822,040,000",2.58,
1214200221,הסגר נשיכה / שוטטות, ,,,,
1214200290,דמי בדיקות בשר קפוא, ,,,,
1214200291,בדיקה ווטרינרית למזון-מן, ,,,,
1214200910,"השתתפות משהח""ק",,,,,
1223000440,"השתתפות רשויות בהג""א",,"-150,000",,-100,
1231000220,הכנסות משרותי הנדסה,"-1,470,624","-1,800,000","-1,500,000",-16.67,
1231000221,אגרת סימון מפות,"-134,993","-300,000","-150,000",-50,
1233100220,אגרת רשיונות בניה,"-1,605,617","-2,250,000","-1,650,000",-26.67,
1242000990,השתת' מ.התחבורה,,,,,
1267000690,הכנסות מביטוח,,,,,
1269000690,הכנסות שונות,,,,,
1272100980,מש.השיכון,,,,,
1273000663,הכנס' מחב' העירונית לתרבו,"-157,421","-150,000","-160,000",6.67,
1281000663,הכנ' מחב' לבטחון,"-4,850,147","-4,900,000","-4,500,000",-8.16,
1281000664,הכנ' מהחב' לבטחון,724,,,,
1281000690,בררת קנס- שמירת סדר,"-3,639,973","-4,000,000","-4,000,000",,
1282000690,בית משפט עירוני שונות,"-311,784","-400,000","-400,000",,
1310000990,פ.עיר ללא אלימות,"-9,766,896","-11,000,000","-11,500,000",4.55,
1311000420,פרוייקט מחשב לכל ילד,"-49,189","-50,000","-50,000",,
1311000421,פ. קליטה בקהילה הכנס' עצמ,,,"-216,000",,
1311000920,"ריהוט משה""ח","-637,210","-790,000","-850,000",7.59,
1311000921,הכנס' משיפוצים משהח,"-55,986","-60,000","-60,000",,
1311000926,הכנס' נגישות כיתות לנכים,"-310,299","-500,000","-500,000",,
1311000927,אופק חדש יצירת סביבת עב ל,"-793,350","-700,000","-950,000",35.71,
1311000950,פרויקט עולים מ.קליטה,"-336,000","-50,000",,-100,
1311300420,יוזמות פדגוגיות,"-20,907,531","-22,600,000","-23,186,000",2.59,
1311300920,תוכנית חומש,,,,,
1311300921,פ.מרכז תהילה,,,,,
1311300924,"בחירה מבוקרת משה""ח",,,,,
1312200421,השתתפות הורים בצהרונים,,,,,
1312200422,השתתפות הורים,"-43,853","-65,000","-65,000",,
1312200423,"השתת' הורים יוח""א","-43,853","-65,000","-65,000",,
1312200740,ביטוח לאומי,,,,,
1312200920,השתתפות הממשלה לגנים,,,,,
1312200921,השת' ממש' בהצטיידות,,,,,
1312200922,"אג""ש השתת' משה""ח",,,,,
1312200923,"הזנת יוח""א","-142,898","-130,000","-120,000",-7.69,
1312300410,"גני ילדים טרום חובה שכל""מ","-298,792","-280,000","-260,000",-7.14,
1312300920,השת ממשלה גנים טרום חובה,"-9,961,245","-9,500,000","-13,000,000",36.84,
1313200220,אגרת חינוך-ביתס,"-10,402,935","-9,910,000","-13,380,000",35.02,
1313200920,השת ממשלה לבתי ספר,,,,,
1313200921,השתת' הממשלה והרשאות,,,,,
1313200922,דמי שיכפול סל לתלמיד,,,,,
1313200923,"הזנת יוח""א",,,,,
1313200924,סייעות טיפוליות,"-576,479","-1,352,000","-250,000",-81.51,
1313200925,"אחזקת בי""הס ניהול עצמי","-576,479","-1,352,000","-250,000",-81.51,
1314000740,הכנסות ב.לאומי,,,,,
1314000920,"חט""ב - השתת' מ. החינוך",,,,,
1314000921,תגבור לימודי יהדות,,,,,
1314000922,דמי שיכפול_סל לתלמיד,,,,,
1314000923,"הזנת יוח""א משה""ח","-514,614","-600,000","-700,000",16.67,
1315400421,השתתפות בקורסים,,"-503,000",,-100,
1315400920,"ישיבה תיכונית הכנס משה""ח","-514,614","-1,103,000","-700,000",-36.54,
1315400921,תגבור למודי יהדות,,,,,
1315400922,דמי שיכפול,,,,,
1315410421,השתתפות בקורסים,,,,,
1315410920,אולפנה הכנס' משהח,,,,,
1315410922,דמי שכפול,"-1,843,896","-2,000,000","-2,800,000",40,
1315710420,"שכ""ל יג'-יד' השתת' תלמידים","-1,843,896","-2,000,000","-2,800,000",40,
1315710421,השתת' בקורסים,,,,,
1315710920,מקיף א' - השתת מ. החנוך,,,,,
1315710922,מקיף א' דמי שיכפול סל,,,,,
1315720421,השתת' בקורסים,,,,,
1315720920,מקיף ב' - דתי השת מ. חנוך,"-5,074,713","-3,800,000","-4,500,000",18.42,
1315720922,מקיף ב' דמי שיכפול סל תלמ,,,"-1,000,000",,
1315730420,"שכ""ל יג'-יד' השת' תלמידים","-1,638",,,,
1315730421,השתת' בקורסים,"-1,737,801","-1,800,000","-2,200,000",22.22,
1315730920,מקיף ג' - השתת מ. חנוך,"-6,814,152","-5,600,000","-7,700,000",37.5,
1315730922,מקיף ג' דמי שיכפול,,,,,
1315730923,"הזנת יוח""א",,,,,
1315740421,השתת' בקורסים,,,,,
1315740920,מקיף ד' - השתת מ. חנוך,,,,,
1315740922,מקיף ד' דמי שיכפול,,,,,
1315750421,השתת' בקורסים,,,,,
1315750920,מקיף ה' - השתת מ. חנוך,,"-1,200,000","-1,200,000",,
1315750922,דמי שכפול,"-36,450","-81,000","-41,000",-49.38,
1315760420,"שכ""ל יג'-יד' השת' תלמידים","-246,543",,,,
1315760421,השתת' בקורסים,"-52,000","-26,000",,-100,
1315760920,מקיף ו' - השתת מ. חנוך,"-1,309,132","-1,364,000","-1,300,000",-4.69,
1315760922,מקיף ו' דמי שיכפול,"-414,915","-171,000",,-100,
1315770420,"שכ""ל יג'-יד' השת' תלמידים","-2,558,087","-1,010,000",,-100,
1315770421,השתת' בקורסים,"-79,487",,,,
1315770920,מקיף ז' - השתת מ. חנוך,"-447,865","-601,000","-300,000",-50.08,
1315770922,מקיף ז' דמי שיכפול סל תלמ,"-772,000","-3,314,000","-2,185,000",-34.07,
1315780421,השתת' בקורסים,,"-70,000","-380,000",442.86,
1315780920,"מקיף ח' השתת' משה""ח",,,"-601,000",,
1315780922,דמי שיכפול,"-5,916,479","-7,837,000","-6,007,000",-23.35,
1315790421,השתת' בקורסים,,,,,
1315790920,"מקיף ט' השתת' משה""ח",,,,,
1315790922,דמי שכפול,,,,,
1315800421,השתת' בקורסים,,,,,
1315800920,"מקיף י' השתת' משה""ח","-188,037","-215,000","-235,000",9.3,
1315800922,דמי שיכפול,"-33,460","-40,000","-46,000",15,
1315810920,"השתת' משה""ח","-22,550",,,,
1315810922,דמי שיכפול,,"-238,000",,-100,
1316600420,אונברסיטה פתוחה,"-13,003,971","-12,750,000","-13,270,000",4.08,
1317110220,אגרת שמירה,"-95,803","-182,000","-215,000",18.13,
1317200920,מרכזיה פדגוגית-השתת משהח,"-136,399","-140,000","-140,000",,
1317300920,שרות פסיכולוגי -השת מ. חנ,"-191,000","-165,000","-170,000",3.03,
1317400220,אגרת בריאות השן,"-23,770,982","-24,300,000","-25,800,000",6.17,
1317400940,השתת' בריאות השן- מ.בריאו,"-4,726,037","-4,530,000","-4,820,000",6.4,
1317500220,ביטוח תלמידים,"-42,168,239","-42,560,000","-44,696,000",5.02,
1317600420,פרויקט רווחה חינוכית,,,,,
1317600920,פרויקט רווחה מ. חנוך,,,,,
1317600921,מועד' משותפות,,,,,
1317700920,"השתתפות הממשלה לקב""ס",,,,,
1317800420,השתתפות תל' בהסעות,"-10,800","-20,000","-10,000",-50,
1317800920,הסעת ילדים השת מ. חנוך,"-17,024,904","-17,876,000","-17,500,000",-2.1,
1317800921,דמי ליווי הסעות,"-2,616",,,,
1317900430,שכר לימוד תלמידי חוץ,"-1,288,411","-1,160,000","-1,300,000",12.07,
1318000420,הנחלת הלשון,"-558,740","-568,000","-641,000",12.85,
1318000421,מכללת הורים,"-12,731,980","-13,890,000","-15,440,000",11.16,
1318000750,סוכנות יהודית,"-2,172,926","-2,155,000","-2,180,000",1.16,
1318000920,הנחלת הלשון השת מ. חנוך,"-33,790,377","-35,669,000","-37,071,000",3.93,
1323000420,ספריות- השת' תושבים,,,,,
1327000420,השתת' תושבים תרבות חרדית,,,,,
1327000920,תרבות תורנית- השתת מ.חנוך,,,,,
1327000921,תר' תור' לביא מות',,,,,
1327000922,"שכ' לבת מלך משה""ח","-95,035","-32,000",,-100,
1328200420,בתי נוער,"-15,669,697","-15,197,000","-15,792,000",3.92,
1328200920,בתי נוער,"-26,512",,,,
1329300925,השתתפ משרד ה.ספורט,"-581,776","-600,000","-600,000",,
1332200220,אגרת שירותי בריאות,"-43,707","-65,000","-43,000",-33.85,
1341000930,מינהל הרווחה אירגוניות,"-16,416,727","-15,894,000","-16,435,000",3.4,
1341000931,מחשבים מ.הרווחה,,,,,
1341000950,פרוייקט עולים מ.קליטה,,,,,
1341000990,קרן עזבונות,,,,,
1342200420,צרכים מיוחדים צעירים,,,,,
1342200930,צרכים מיוחדים למשפחה,"-152,432",,,,
1342200931,סיוע למשפ' עניות עם ילדים,"-647,350",,,,
1342210420,מרכז אלימות,"-7,405",,,,
1342210421,דרי רחוב,"-4,022",,,,
1342210930,דרי רחוב אלימות ואלכוהול,"-200,000","-180,000","-180,000",,
1342220930,מקלטים לנשים מוכות,"-683,178","-600,000","-1,288,000",114.67,
1342400420,יעוץ נשואין השתת קרובים,"-7,205","-4,000","-9,000",125,
1343500420,מועדוניות קרובים,"-269,047","-284,000","-320,000",12.68,
1343500930,ילדים במועדוניות ממשלה,"-142,971","-150,000","-150,000",,
1343800420,עבר לסעיף 024/38343,"-21,677,389","-21,320,000","-20,788,000",-2.5,
1343820420,קהילה 0002,"-71,100","-100,000","-100,000",,
1343820930,קהילה 0002,,"-15,000","-15,000",,
1343830420,ילדים בפנימיות קרובים,"-5,829,366","-4,705,000","-5,260,000",11.8,
1343830930,אחזקת ילדים בפנימיה-ממשלה,"-112,702","-15,000","-50,000",233.33,
1343900420,השתת קרובים מעונות,"-573,830","-573,000","-670,000",16.93,
1343900930,אחזקת ילדים במעונות-ממשלה,"-9,034",,"-20,000",,
1344300420,קשישים במעונות - קרובים,"-24,213,345","-23,266,000","-26,418,000",13.55,
1344300930,קשישים במעונות ממשלה,"-76,437","-80,000","-80,000",,
1344400420,שרותים לזקן השתת' קרובים,"-111,248","-108,000","-141,000",30.56,
1344400930,שרותים לזקן השתתפות ממשלה,,"-30,000","-30,000",,
1344500930,מועדונים לזקנים,"-14,411,163","-16,580,000","-14,741,000",-11.09,
1345100420,מפגרים במוסד - קרובים,"-57,608","-60,000","-60,000",,
1345100440,מ.יום שיקומי והסעות לאוטי,"-7,920","-15,000","-10,000",-33.33,
1345100930,מפגרים במוסדות - ממשלה,"-13,355,422","-13,731,000","-15,092,000",9.91,
1345100931,דיור מוגן ממשלה,"-42,223","-40,000","-60,000",50,
1345200420,ורד חצב קרובים,"-118,182","-121,000",,-100,
1345200730,מעון חצב השתת ב.לאומי,,"-20,000","-20,000",,
1345200930,מעון ורד חצב- ממשלה,"-9,780,574","-9,383,000","-10,758,000",14.65,
1345300930,שירותים תומכים למפגר,"-29,593","-33,000","-33,000",,
1345400420,"מע""ש - השתת' קרובים","-323,729","-349,000","-284,000",-18.62,
1345400421,"שכר מע""ש-צ'יימס","-19,012","-30,000","-50,000",66.67,
1345400930,"מע""ש ממשלה","-12,143,078","-12,212,000","-13,157,000",7.74,
1346300930,שיקום העיוור ממשלה,"-38,227","-50,000","-50,000",,
1346500420,נכים במוסד - השתת קרובים,"-1,694","-50,000","-5,000",-90,
1346500930,נכים במוסד - ממשלה,"-18,008,492","-14,442,000","-13,788,000",-4.53,
1346700930,נכים בקהילה - השתת מ,"-45,021","-52,000","-52,000",,
1346700931,הסעות ולווי שיקום נכים,,"-25,000","-5,000",-80,
1346800930,שיקום חרשים - ממשלה,"-9,130,526","-10,515,000","-12,197,000",16,
1347100920,,"-57,641","-35,000","-50,000",42.86,
1347100930,השתת ממשלה למען הנוע,,"-10,000","-10,000",,
1347110930,תקיפה מינית ממשלה,"-8,842,989","-8,822,000","-10,594,000",20.09,
1347300420,מרכז לסמים,"-54,524","-30,000","-40,000",33.33,
1347300790,הכנסות מאבק בסמים,"-621,474","-1,594,000","-5,955,000",273.59,
1347300791,שיקום האסיר,,"-15,000","-40,000",166.67,
1347300930,הכנסות מאבק בסמים,"-141,877,153","-139,644,000","-152,570,000",9.26,
1347400930,,,,,,
1348200420,עבודה קהילתית,,,,,
1348300930,התנדבות משרד הרווחה,,,,,
1349000420,הכנס מעולים רווחה,,,,,
1349000930,הכנס קליטת רווחה-מ.רווחה,,"-480,000",,-100,
1349110950,מוקד קליטה אתיופיה,,"-480,000",,-100,
1369000420,תקבולים עולים,,,,,
1369000950,קליטה בקהילה ממשלה,,,,,
1379000990,י. לאיכות הסביבה -ממשלה,,,,,
1433000640,שכר דירה משונים,,,,,
1435000650,דמי חכירה מקרקעות,-129,,,,
1439000650,זכיונות,-129,,, ,
1481000663,"דמי ניהול ממני""ב",,,,,
1481000665,דמי שימוש בציוד,,,,,
1511000660,ריבית משונים,,,,,
1511000661,ריבית מבנקים,,,,,
1511000662,הכנסות מדיבידנד,"-39,981",,,,
1513000510,החזרת הוצאות משנים,"-4,120,551","-4,684,000","-4,493,000",-4.08,
1591900590,הכנסות מקרנות,"-4,160,532","-4,684,000","-4,493,000",-4.08,
1594000690,הכנסות מקנסות קבלנים,,,,,
1594000691,"מימון פנסיה מני""ב",,,,,
1594000692,הכנ' מהחזרים מתאונות עובד,,,,,
1594000693,קנסות בטיחות בעבודה,,,,,
1594000694,החז מקרן פנסיה תקצ,"-554,561","-1,100,000","-1,100,000",,
1599200690,"הכנסות מחכ""ר","-554,561","-1,100,000","-1,100,000",,
1599200691,עודף משנים קודמות,,,,,
1599200692,"הכנסות ממני""ב",,,,,
1611000110,משכורת ושכר משולבי,,,,,
1611000120,ביגוד והבראה,,,,,
1611000130,שעות נוספות,"-167,825","-120,000","-130,000",8.33,
1611000140,הוצאות רכב,"-930,858","-240,000","-257,000",7.08,
1611000141,אחזקת רכב ליסינג,,"-510,000","-650,000",27.45,
1611000300,משכר זמניים,"-1,098,683","-870,000","-1,037,000",19.2,
1611000470,מכונות משרד והחזקתן,,,,,
1611000510,הוצאות כיבוד,,,,,
1611000520,ספרים ועיתונים,,,,,
1611000530,החזקת רכב,"-841,614","-975,000","-1,008,000",3.38,
1611000550,פרסומים,"-841,614","-975,000","-1,008,000",3.38,
1611000560,מכשירי כתיבה והדפסות,,,,,
1611000580,הוצאות שונות,,,,,
1611000750,עבודות קבלניות,,,,,
1611000751,"פרויקטים ראה""ע",,,,,
1611000752,מרכז נשים עירוני,"-7,320",,,,
1611000753,מעמד האשה,"-4,457,205","-4,496,000","-4,660,000",3.65,
1611000930,ציוד יסודי מיחשוב,"-3,438,596","-3,100,000","-3,600,000",16.13,
1611000980,השתתפות 190 פעולות,"-7,903,121","-7,596,000","-8,260,000",8.74,
1611000990,"הוצ' ח""פ סר. מסמ",,,,,
1611300820,תמיכות כלליות,,,,,
1611300821,"מילגות ע""ש נופלי ישראל",,,,,
1611300822,תמיכות ליחידים,,,,,
1611300990,"ח""פ תמיכות","-2,998,162","-3,100,000","-3,080,000",-0.65,
1612000110,משכורת ושכר משולבים,"-2,998,162","-3,100,000","-3,080,000",-0.65,
1612000120,הבראה וביגוד,,,,,
1612000130,שעות נוספות,,,,,
1612000140,הוצאות רכב,,,,,
1612000141,אחזקת רכב ליסינג,,,,,
1612000431,צריכת חשמל,"-54,029","-50,000",,-100,
1612000470,אחזקת מכונות,"-6,555","-83,000","-76,000",-8.43,
1612000510,כיבוד,"-31,640","-50,000",,-100,
1612000520,ספרים ועיתונים,"-10,746","-100,000",,-100,
1612000540,טלפון ודאר,"-102,970","-283,000","-76,000",-73.14,
1612000560,מכשירי כתיבה והדפסות,,,,,
1612000740,כלים מכשירים וציוד,,,,,
1612000750,עבודות קבלניות,,,,,
1612000990,"ח""פ מבקר",,,,,
1612100110,משכורת ושכר משולבי,"-2,809",,,,
1612100120,ביגוד והבראה,"-289,393","-325,000","-567,000",74.46,
1612100130,שעות נוספות,"-292,202","-325,000","-567,000",74.46,
1612100140,הוצאות רכב,,,,,
1613000110,משכורת ושכר משולבים,,,,,
1613000120,ביגוד והבראה,,,,,
1613000130,שעות נוספות,,,,,
1613000140,הוצאות רכב,,,,,
1613000141,אחזקת רכב ליסינג,,,,,
1613000300,שכר זמניים,-2,,,,
1613000470,מכונות משרד והחזקתן,"-125,211","-100,000","-100,000",,
1613000510,הוצאות כיבוד,"-170,220","-100,000","-100,000",,
1613000520,ספרים ועתונים,,,"-70,000",,
1613000530,החזקת רכב,,,"-190,000",,
1613000560,מכשירי כתיבה והדפסות,"-295,433","-200,000","-460,000",130,
1613000580,הוצאות שונות,,,,,
1613000830,פרוייקטים מיוחדים,,,,,
1613000931,עבר ל-6132/930,,,,,
1613100110,משכורת ושכר משולבים,,,,,
1613100120,ביגוד והבראה,"-29,192","-36,000","-97,000",169.44,
1613100130,שעות נוספות,"-25,000","-8,000","-127,000","1,487.50",
1613100140,הוצאות רכב,"-500,561","-420,000","-65,000",-84.52,
1613100470,מכונות משרד והחזקתן,"-554,753","-464,000","-289,000",-37.72,
1613100510,כיבוד,,,,,
1613100560,מכשירי כתיבה  והדפסות,,,,,
1613100680,הוצ' אחרות,,,,,
1613100750,עבודות קבלניות,,,,,
1613100990,"הוצ' ח""פ מית. העיר",,,,,
1613200110,"שכר מתא""ם",,,,,
1613200120,ביגוד והבראה,"-4,641",,,,
1613200130,שעות נוספות,"-11,078,623","-11,950,000","-11,650,000",-2.51,
1613200140,רכב,"-46,281","-15,000",,-100,
1613200930,מרכז מידע ומחקר,"-702,118",,,,
1613300510,כיבוד,-650,,,,
1613300520,ספרות מיקצועית,"-11,832,313","-11,965,000","-11,650,000",-2.63,
1613300530,אחז' רכב,,,,,
1613300560,מכשירי כתיבה,,,,,
1613300750,קורסים והשתלמויות,,,,,
1614000110,משכורת ושכר משולבי,,,,,
1614000120,ביגוד והבראה,"-63,877","-47,000","-47,000",,
1614000130,שעות נוספות,"-531,200","-383,000","-383,000",,
1614000140,הוצאות רכב,"-440,800","-398,000","-398,000",,
1614000520,ספרים ועיתונים,"-33,416","-24,000","-24,000",,
1614000550,פרסומים עירוניים,"-75,602","-62,000",,-100,
1614000750,"ח""פ קבלניות שפיצר","-962,854","-850,000","-685,000",-19.41,
1614000751,יועץ תקשורת,"-974,540","-765,000","-735,000",-3.92,
1615000110,משכורת ושכר משולב,"-91,255","-90,000","-100,000",11.11,
1615000118,השתלמויות,"-3,173,544","-2,619,000","-2,372,000",-9.43,
1615000119,דמי חבר,,,,,
1615000120,בגוד והבראה,,,,,
1615000130,שעות נוספות,,,,,
1615000140,עוצאות רכב,,,,,
1615000141,אחזקת רכב ליסינג,"-181,918","-140,000","-150,000",7.14,
1615000300,כח אדם זמניים,"-1,482,276","-1,100,000","-1,500,000",36.36,
1615000440,בטוח,"-105,807",,,,
1615000470,מכונות משרד והחזקתן,"-225,074","-200,000","-200,000",,
1615000520,ספרים ועיתונים,"-2,832,340","-2,487,000","-2,570,000",3.34,
1615000521,השתלמויות,"-207,407","-250,000","-235,000",-6,
1615000530,אחזקת רכב,"-6,908,995","-7,175,000","-8,400,000",17.07,
1615000550,פרסומים,"-66,910","-60,000","-60,000",,
1615000560,מכשירי כתיבה והדפסות,"-3,924,053","-4,900,000","-4,900,000",,
1615000561,טפסי עירייה,"-15,934,780","-16,312,000","-18,015,000",10.44,
1615000748,מס על ביגוד,,,,,
1615000749,ביגוד כלל עירוני,,,,,
1615000750,עבודות קבלניות,,,,,
1615000751,מגנזה עירונית,,,,,
1615000780,הוצ' שונות,"-1,833,981","-1,760,000","-1,760,000",,
1615000782,שירותי רווחה לעובד,"-6,165,283","-6,795,000","-6,795,000",,
1615000930,ציוד יסודי מיחשוב,"-70,984","-80,000","-50,000",-37.5,
1615000980,השתתפות 190 פעולות,"-767,174","-500,000","-500,000",,
1615000990,"הוצ' ח""פ אמרכלות","-559,690","-155,000","-155,000",,
1617000110,משכורת ושכר משולבי,"-9,397,112","-9,290,000","-9,260,000",-0.32,
1617000120,ביגוד והבראה,,,,,
1617000130,שעות נוספות,,,,,
1617000140,הוצאות רכב,,,,,
1617000141,אחזקת רכב ליסינג,,,,,
1617000420,תקונים,"-344,087","-308,000","-335,000",8.77,
1617000450,רהוט והחזקתו,"-57,982","-265,000","-265,000",,
1617000470,מכונות משרד והחזקת,"-24,308,241","-24,435,000","-26,185,000",7.16,
1617000520,ספרים ועתונים,"-294,871",,,,
1617000530,אחז' רכב,"-190,901","-160,000","-200,000",25,
1617000560,מכשירי כתיבה והדפסות,"-13,967","-74,000",,-100,
1617000580,הוצאות שונות,"-2,532,289","-2,540,000","-2,540,000",,
1617000750,עבודות קבלניות,"-282,582","-260,000","-260,000",,
1617000752,הוצאות משפטיות מיוחדות,"-185,189","-132,000","-100,000",-24.24,
1617000990,"הוצ' ח""פ מיוחדות",,,"-225,000",,
1618000110,משכורת ושכר משולב,"-1,150,728","-1,130,000","-1,455,000",28.76,
1618000120,ביגוד והבראה,"-29,360,837","-29,304,000","-31,565,000",7.72,
1618000130,שעות נוספות,,,,,
1618000140,הוצאות רכב,,,,,
1618000141,אחזקת רכב ליסינג,,,,,
1618000300,"כ""א זמני",,,,,
1618000470,מכונות משרד ואחזקתן,"-687,881","-450,000","-530,000",17.78,
1618000530,אחזקת רכב,"-498,584","-400,000","-500,000",25,
1618000540,טלפון ודאר עירוני,"-6,365,477","-6,450,000","-7,500,000",16.28,
1618000560,מכשירי כתיבה והדפסות,"-1,803,646","-2,200,000","-2,145,000",-2.5,
1618000750,עבודות קבלניות,"-1,390,479","-1,470,000","-1,470,000",,
1618000751,מספרי בתים,"-479,862","-535,000","-640,000",19.63,
1618000759,אוטומציה כלל עירונית,"-11,225,929","-11,505,000","-12,785,000",11.13,
1618000931,י.מיחשוב עירוני,,,,,
1618000990,סריקת מסמכים הנהלה,,,,,
1618000991,"מיחשוב מינהלים ח""פ",,,,,
1619100110,שכר משרד הרישוי,,,,,
1619100120,ביגוד והבראה,"-315,311","-50,000","-50,000",,
1619100130,שעות נוספות,"-492,705","-655,000","-655,000",,
1619100140,הוצאות רכב,"-1,026,784","-1,050,000","-1,080,000",2.86,
1621000110,משכורת ושכר משולבי,"-1,834,800","-1,755,000","-1,785,000",1.71,
1621000120,ביגוד והבראה,,,,,
1621000130,שעות נוספות,,,,,
1621000140,הוצאות רכב,,,,,
1621000141,אחזקת רכב ליסינג,,,,,
1621000300,שכר זמניים,"-3,873",,,,
1621000450,רהוט והחזקתו,"-431,440","-530,000","-548,000",3.4,
1621000470,מכונות משרד והחזקת,"-45,000",,,,
1621000520,ספרים ועתונים,"-382,340","-330,000","-330,000",,
1621000530,אחזקת רכב,"-862,653","-860,000","-878,000",2.09,
1621000560,מכשירי כתיבה והדפסות,,,,,
1621000750,עבודות קבלניות,,,,,
1621000751,ייעוץ ביטוח,,,,,
1621000780,הוצאות אחרות,,,,,
1621000980,השתתפות 190 פעולות,"-65,014","-95,000","-110,000",15.79,
1621000990,"הוצ' ח""פ מי.גיז","-65,014","-95,000","-110,000",15.79,
1623100110,משכורת ושכר משולבי,,,,,
1623100120,הבראה וביגוד,,,,,
1623100130,שעות נוספות,,,,,
1623100140,הוצאות רכב,,,,,
1623100300,שכר זמניים,"-1,060",,,,
1623100470,מכונות משרד והחזקת,"-70,414","-10,000","-29,000",190,
1623100510,הוצאות כיבוד,"-71,474","-10,000","-29,000",190,
1623100520,ספרים ועיתונים,,,,,
1623100550,פרסומים,,,,,
1623100560,מכשירי כתיבה והדפסות,,,,,
1623100580,הוצאות שונות,,,,,
1623100740,כלים מכשירים וציוד,"-20,681","-25,000","-25,000",,
1623100750,עבודות קבלניות,"-3,501,039","-5,125,000","-4,060,000",-20.78,
1623100751,חלוקת חשבונות,"-563,404","-1,030,000","-945,000",-8.25,
1623100752,הוצאות משפט,"-17,795","-187,000","-181,000",-3.21,
1623200110,משכורות ושכר משולב,,"-768,000","-1,060,000",38.02,
1623200120,ביגוד והבראה,"-4,102,919","-7,135,000","-6,271,000",-12.11,
1623200130,שעות נוספות,,,,,
1623200140,הוצאות רכב,,,,,
1623200470,מכונות משרד ואחזקתן,,,,,
1623200510,כיבוד,,,,,
1623200550,פירסומים,"-2,065,811","-3,260,000","-857,000",-73.71,
1623200560,מכשירי כתיבה והדפסות,"-2,065,811","-3,260,000","-857,000",-73.71,
1623200580,הוצאות שונות,,,,,
1623200750,עבודות קבלניות,,,,,
1623200751,חלוקת חשבונות,,,,,
1623200752,אגרות משפט,,,,,
1623200930,ציוד  יסוד,,,,,
1631000610,עמלות לבנקים,,,,,
1632000862,הנחת משלם מראש,"-16,122,445",,"-21,000,000",,
1632000863,הנחת ה. קבע,"-6,502,028","-17,502,000",,-100,
1649100691,מילוות מוכרות,"-72,163",,,,
1649100692,מילוות מוכרות-ריבית,"-22,696,636","-17,502,000","-21,000,000",19.99,
1649100693,מילוות מוכרות-הצמדה,,,,,
1711000110,משכורת ושכר משולבי,,,,,
1711000120,הבראה וביגוד,,,,,
1711000130,שעות נוספות,,,,,
1711000140,הוצאות רכב,"-720,000","-720,000","-720,000",,
1711000141,אחזקת רכב ליסינג,"-2,733,701","-2,350,000","-2,350,000",,
1711000300,שכר זמניים,"-3,453,701","-3,070,000","-3,070,000",,
1711000431,הוצ' חשמל,,,,,
1711000432,הוצ' מים,,,,,
1711000433,הוצ' נקיון_ד.ניהול,,,,,
1711000450,רהוט והחזקתו,,,,,
1711000470,מכונות משרד והחזקת,"-24,754","-10,000","-40,000",300,
1711000510,הוצאות כבוד,"-19,110,842","-18,000,000","-23,000,000",27.78,
1711000530,רכב,"-61,593",,,,
1711000540,טלפון ודאר,"-27,596","-350,000","-350,000",,
1711000560,מכשירי כתיבה והדפסות,"-19,224,785","-18,360,000","-23,390,000",27.4,
1711000580,הוצאות שונות,,,,,
1711000740,כלים מכשירים וציוד,,,,,
1711000750,עב' קבל' (אוטומציה),,,,,
1711000752,פנוי אסב'ופס' בניין,,,,,
1711000780,"""תחרות איכות הסביבה""","-40,175,000","-42,000,000","-43,039,000",2.47,
1711000930,ציוד יסודי מיחשוב,"-246,746","-250,000","-300,000",20,
1711000980,השתתפות 190 פעולות,"-6,245,426","-6,400,000","-6,400,000",,
1711000990,"ח""פ מינהל","-62,964","-30,000","-30,000",,
1711100110,שכר מינהלה מ.מערב,,,"-200,000",,
1711100120,ביגוד והבראה,,,"-3,000,000",,
1711100130,שעות נוספות,,"-100,000",,-100,
1711100140,הוצאות רכב,,"-38,620,000","-41,354,000",7.08,
1711100300,שכר זמניים,,,"-25,000,000",,
1711100433,הוצ' נקיון_ד.ניהול,"-46,730,136","-87,400,000","-119,323,000",36.53,
1711100450,ריהוט ואחזקתו,,,,,
1711100470,מכ' משרד ואחז',,,,,
1711100510,כיבוד,,,,,
1711100530,רכב,,,,,
1711100540,טלפון ודואר,,,,,
1711100560,ציוד משרדי,,,,,
1711100580,הוצ' שונות,,,,,
1711100720,חומרים-תברואה,,,,,
1711100740,כלים וציוד-תברואה,,,,,
1711100752,קבלני טיאוט עירוני,,,,,
1711100753,עב' קבל'-אשפה_עירוני,"9,009,865","8,537,000","9,300,000",8.94,51.2
1711100754,"פינוי אשפה משהב""ט", ,"460,000","529,000",15, 
1711100755,עב' קבל'-גזם_עירוני, ,"205,000","260,000",26.83, 
1711100758,עב קבלניות שונות,"1,211,280","1,183,000","1,183,000", , 
1711101752,גידול קבל'-טיאות, ,"265,000","305,000",, 
1711101753,גידול עב' קבל-אשפה,"65,756","235,000","172,000",-26.81,2
1711103753,פינוי מכולת,"15,251","25,000","30,000",20, 
1711110110,שכר מערב-אשפה,"25,715","43,000","43,000", , 
1711110120,ביגוד והבראה,"25,087","33,000","33,000", , 
1711110130,שעות נוספות,"203,105","19,000", ,-100, 
1711110140,רכב מערב-אשפה,"1,273","10,000","10,000", , 
1711110300,"שכר_כ""א","104,141","112,000","112,000", , 
1711130110,שכר מערב גינון,"70,538","46,000","46,000", , 
1711130120,ביגוד והבראה,"106,057", , , , 
1711130130,שעות נוספות, ,"685,000","867,000",26.57, 
1711130140,רכב מערב גינון,"44,905","65,000","65,000", , 
1711300110,שכר מ.מזרח,"112,193","228,000","256,000",12.28, 
1711300120,ביגוד והבראה,"110,977","25,000", ,-100, 
1711300130,שעות נוספות,"308,841", , , , 
1711300140,רכב מ.מזרח, ,"450,000", ,-100, 
1711300300,,"11,414,984","12,626,000","13,311,000",5.43,53.2
1711300433,הוצ' נקיון_ד.ניהול,,,,,
1711300450,ריהוט ואחזקתו,,,,,
1711300470,מכ' משר'ואחזקתם,,,,,
1711300510,הוצ' כיבוד,,,,,
1711300530,רכב,"1,003,477","1,150,000","1,150,000",,
1711300540,טלפון ודואר,,"100,000",,-100,
1711300560,ציוד משרדי,,"100,000","100,000",,
1711300580,הוצ' אחרות,,"40,000","60,000",50,
1711300720,חומרים-תברואה,"1,003,477","1,390,000","1,310,000",-6.2,
1711300740,ציוד-תברואה,,,,,
1711300750,עב' קבל'-שונות,,,,,
1711300752,"עב' קבל"" טיאוט",,,,,
1711300753,עב' קבל'-אשפה,,,,,
1711300755,"עב' קבל"" גזם","1,264,013","1,400,000","1,501,000",7.21,5.7
1711300757,אחז' גו העיר,,"58,000","67,000",15.52,
1711301752,גידול קבל-טיאות,,"22,000","30,000",36.36,
1711301753,גידול-אשפה]השתלמות[,"156,944","136,000","136,000",,
1711310110,שכר אשפה מזרח,,"65,000","64,000",-1.54,
1711310120,ביגוד והבראה,"8,455","12,000","12,000",,
1711310130,שעות נוספות,"3,359","4,000","4,000",,
1711310140,רכב אשפה,"3,654","8,000","6,000",-25,
1711310300,שכר זמניים,"3,442","4,000","4,000",,
1711330110,שכר מזרח גינון,"2,846","4,000",,-100,
1711330120,ביגוד והבראה,"5,209","7,000","8,000",14.29,
1711330130,שעות נוספות,"7,742","8,000","3,000",-62.5,
1711330140,רכב מזרח גינון,"243,557","247,000","247,000",,
1711400110,שכר תחום גינון,,"30,000","95,000",216.67,
1711400120,ביגוד והבראה,"1,699,221","2,005,000","2,177,000",8.58,5.7
1711400130,שעות נוספות,,,,,
1711400140,אחז' רכב,,,,,
1711400141,אחזקת רכב ליסינג,,,,,
1711400300,שכר זמניים,,,,,
1711500110,שכר יח תיפעוליות,"735,451","732,000","784,000",7.1,5
1711500120,הבראה וביגוד,,"68,000","78,000",14.71,
1711500130,שעות נוספות,,"14,000","19,000",35.71,
1711500140,רכב יח תיפעוליות,"138,368","142,000","142,000",,
1711500141,אחזקת רכב ליסינג,"873,819","956,000","1,023,000",7.01,5
1711500530,רכב,,,,,
1711500741,מיכלים לאיסוף נייר,,,,,
1711500742,רכישת מכולות ואחזקתם,,,,,
1711500753,אחזקת טמוני קרקע,,,,,
1711500990,"רכישת טמונים ח""פ","4,126,197","3,772,000","4,043,000",7.18,25.5
1711500992,צביעת רכבים,,"250,000","288,000",15.2,
1711510110,שכר יח' מזרקות ואגמי,,"73,000","99,000",35.62,
1711510120,ביגוד והבראה,"664,112","664,000","664,000",,
1711510130,שעות נוספות,"30,019","127,000","151,000",18.9,
1711510140,אחז' רכב,"25,117","5,000",,-100,
1711520110,שכר יח' גיזום עירונית,"26,587","25,000","36,000",44,
1711520120,ביגוד והבראה,"38,990","57,000","57,000",,
1711520130,שעות נוספות,"12,250","13,000","13,000",,
1711520140,אחז' רכב,"71,484",,,,
1711530110,שכר יח' גינון מוסדות,"136,684","174,000","174,000",,
1711530120,ביגוד והבראה,"6,265","5,000","5,000",,
1711530130,שעות נוספות,"764,490","1,550,000","1,390,000",-10.32,
1711530140,אחז' רכב,"42,166",,,,
1711540110,שכר יח' מיחזור,"5,944,361","6,715,000","6,920,000",3.05,25.5
1711540120,הבראה וביגוד,,,,,
1711540130,שעות נוספות,,,,,
1711540140,הוצאות רכב,,,,,
1711540530,"איכה""ס-יח' מיחזור","503,430","552,000","592,000",7.25,3
1711540720,חומרי מיחזור,,"33,000","38,000",15.15,
1711540740,כלים וציוד מיחזור,,"5,000","7,000",40,
1711540743,פינוי מוקדי מיחזור,"84,215","74,000","74,000",,
1711540750,עב' קבלניות_איסוף נייר,,"5,000","5,000",,
1711550110,שכר יח' הדברה,"2,471","5,000","5,000",,
1711550120,הבראה וביגוד,"10,885","25,000","15,000",-40,
1711550130,שעות נוספות,"45,775","232,000","342,000",47.41,
1711550140,הוצאות רכב,"128,118","144,000","144,000",,
1711550530,אחז' רכב,"139,200","190,000","195,000",2.63,
1711550720,חומרים להדברה,"914,094","1,265,000","1,417,000",12.02,3
1711550750,מותנה ק.ק.ממש',,,,,
1711560431,הוצ חשמל,,,,,
1711560432,מים להשקייה,,,,,
1711560433,ח. ניקיון,,,,,
1711560450,ריהוט,"304,127","308,000","330,000",7.14,2
1711560510,כיבוד,,"25,000","29,000",16,
1711560530,"איכה""ס- אגף גינון",,"5,000","7,000",40,
1711560560,ציוד משרדי,"42,392","45,000","45,000",,
1711560721,חומרים גינון,,"61,000","61,000",,
1711560740,כלים וציוד גיזום,"346,519","444,000","472,000",6.31,2
1711560741,כלים וציוד גינון,,,,,
1711560750,עב' קבל' גיזום,,,,,
1711560751,אחזקת מזרקות ואגמים,,,,,
1711560752,משתלה,,,,,
1711560753,נקיון מחלקת גינון,,"3,000","3,000",,
1711560754,מילוי חול בפארקים,,"7,000","7,000",,
1711560755,"עב,שיפוץ ושיקום מזרקות",,"53,000","55,000",3.77,
1711560756,עב' קבלניות גינון,,"9,000","9,000",,
1711560757,אחז' מתקנים וסככות,,"54,000","54,000",,
1711560758,אחזקת מתקני משחק,,"126,000","128,000",1.59,
1711560930,מיחשוב ושידרוג השקייה,,,,,
1711561756,גידולים -גינון,,,,,
1713000110,משכורת ושכר,,,,,
1713000120,הבראה וביגוד,,,,,
1713000130,שעות נוספות,"109,278","103,000","111,000",7.77,1
1713000140,הוצאות רכב,,"11,000","13,000",18.18,
1713000470,מכונות משרד ואחזקתן,,"3,000","4,000",33.33,
1713000510,כיבוד,"26,700","29,000","29,000",,
1713000530,אחזקת רכב,"6,401",,,,
1713000560,מכשירי כתיבה,"578,497","1,100,000","1,573,000",43,
1713000580,הוצאות שונות,,"231,000","240,000",3.9,
1713000740,כלים מכשירים,"336,367","397,000","407,000",2.52,
1713000750,דגימת מזון,"1,057,243","1,874,000","2,377,000",26.84,1
1713000751,י.חלוקת חשבונות,,,,,
1714000110,שכר וטרינריה,,,,,
1714000120,הבראה וביגוד,,,,,
1714000130,שעות נוספות,"5,492,912","5,437,000","5,827,000",7.17,35
1714000140,הוצאות רכב,"171,896","353,000","250,000",-29.18,
1714000141,ליסינג אחז רכב,"17,792","26,000","29,000",11.54,
1714000300,משכר זמניים,,"337,000","388,000",15.13,
1714000431,הוצ' חשמל,,"105,000","170,000",61.9,
1714000450,רהוט משרדי,"887,546","901,000","901,000",,
1714000470,מכונות משרד ואחזקתן,"15,899","61,000","73,000",19.67,
1714000510,כיבוד,,"32,000",,-100,
1714000530,אחזקת רכב,"559,503","700,000","700,000",,
1714000540,טלפון,"13,874","8,000","18,000",125,
1714000560,צרכי משרד,"3,118","86,000","96,000",11.63,
1714000720,חמרים,"308,503","476,000","509,000",6.93,
1714000740,כלים ומכשירים,"77,435","70,000","92,000",31.43,
1714000741,סימון שבב,"167,644","245,000","295,000",20.41,
1714000750,לכידת נחשים,"44,297","52,000","52,000",,
1714000751,מרפאה,"40,391","54,000","40,000",-25.93,
1714000752,טיפול בצואת כלבים,"843,499","1,500,000",,-100,
1714000753,עב קבלניות-נקיון,"2,163,150","1,925,000","2,052,000",6.6,
1714000754,עב' קבלניות וטרינר,"488,758","603,000","265,000",-56.05,
1714000780,הוצאות אחרות,"140,386","252,000","272,000",7.94,
1714000781,כלביה,"6,032","5,000","45,000",800,
1714000930,תוכנת דוקטורט,"259,609","290,000","336,000",15.86,
1714000990,"ח""פ הצטיידות וטר'","53,659","93,000","75,000",-19.35,
1716000110,שכר_ומשכורת,"270,275",,,,
1721000110,משכורת ושכר,,"335,000","150,000",-55.22,
1721000140,הוצאות רכב,"12,026,178","13,946,000","12,635,000",-9.4,35
1721000150,החזר הוצ' שכר,,,,,
1723000110,משכורת ושכר משולבי,,,,,
1723000140,אחזקת רכב,,,,,
1723000150,החזר הוצ' שכר,,,,,
1723000810,הגא כלל ארצי,"1,541,970","1,098,000","1,600,000",45.72,8.2
1723100432,הוצ' מים,,"104,000","120,000",15.38,
1723100780,הוצאות שונות,,"19,000","60,000",215.79,
1724000830,שרותי כבאות,"150,618","119,000","119,000",,
1729000740,ציוד למפקדות בחרום,"29,480","154,000","192,000",24.68,
1731000110,משכורת ושכר משולבי,,"4,000","4,000",,
1731000120,הבראה וביגוד,,"10,000",,-100,
1731000130,שעות נוספות,"4,301","15,000","10,000",-33.33,
1731000140,אחזקת  רכב,"28,250","58,000","30,000",-48.28,
1731000141,אחזקת רכב ליסינג,"33,143",,,,
1731000300,שכר זמניים,"14,365","26,000","10,000",-61.54,
1731000470,מכונות משרד והחזקת,,"25,000","25,000",,
1731000511,כיבוד לועדות,"4,561,375","4,758,000","4,900,000",2.98,
1731000520,ספרים ועיתונים,"1,381,658","1,300,000","450,000",-65.38,
1731000530,אחזקת רכב,"7,075",,,,
1731000560,מכשירי כתיבה והדפסות,"7,752,235","7,690,000","7,520,000",-2.21,8.2
1731000580,הוצאות שונות,,,,,
1731000740,כלים מכשירים וציוד,,,,,
1731000750,עב' קבלניות,,,,,
1731000930,ציוד יסודי מיחשוב,,,,,
1731000980,השתתפות 190 פעולות,"1,726,765","1,697,000","1,819,000",7.19,14.5
1731100110,משכורת ושכר,,"122,000","140,000",14.75,
1731100120,ביגוד והבראה,,"37,000","40,000",8.11,
1731100130,שעות נוספות,"261,675","200,000","200,000",,
1731100140,הוצאות רכב,"18,562","66,000","58,000",-12.12,
1731100780,הוצ' שונות,"8,148",,,,
1732000110,משכורת ושכר משולבים,962,"1,000","2,000",100,
1732000120,ביגוד והבראה,"29,057",,,,
1732000130,שעות נוספות,,,"4,020,000",,
1732000140,הוצאות רכב,"34,807","38,000","38,000",,
1732000300,,"670,532","518,000","1,166,000",125.1,
1732000550,פרסומים,"8,004",,,,
1732000750,עבודות קבלניות,"3,960,498","4,662,000","5,474,000",17.42,
1732000751,הדמיות פרזנטציות ופרסום,"4,844,104","4,670,000","3,895,000",-16.6,
1732000752,סיורים מקצועיים,"148,155","2,445,000","4,782,000",95.58,
1732300110,משכורת ושכר,,,"1,389,000",,
1732300120,ביגוד והבראה,"11,711,269","14,456,000","23,023,000",59.26,14.5
1732300130,שעות נוספות,,,,,
1732300140,הוצאות רכב,,,,,
1733000110,משכורת ושכר משולבי,,,,,
1733000120,הבראה וביגוד,,,,,
1733000130,שע. נוספות,"208,938","191,000","205,000",7.33,2
1733000140,הוצאות רכב,,"17,000","20,000",17.65,
1733000141,אחזקת רכב ליסינג,,"6,000","6,000",,
1734000110,משכורת ושכר משולב,"50,295","49,000","49,000",,
1734000120,הבראה וביגוד,"259,233","263,000","280,000",6.46,2
1734000130,שעות נוספות,,,,,
1734000140,הוצאות רכב,,,,,
1734000141,אחזקת רכב ליסינג,,,,,
1736000110,משכורת ושכר,,,,,
1736000120,הבראה וביגוד,,,,,
1736000130,שעות נוספות,,,,,
1736000140,הוצאות רכב,"13,326,737","12,124,000","13,094,000",8,71
1736100110,משכורת ושכר,,"794,000","913,000",14.99,
1736100120,הבראה וביגוד,,"252,000","290,000",15.08,
1736100130,שעות נוספות,"2,256,855","2,301,000","2,301,000",,
1736100140,הוצאות רכב,"17,318","61,000","74,000",21.31,
1740000110,משכורת ושכר,"114,565","137,000",,-100,
1740000120,ביגוד והבראה_מינהלה,,"4,000","4,000",,
1740000130,שעות נוספות מינהלה,"22,986","36,000","36,000",,
1740000140,הוצאות רכב,"17,323","15,000","15,000",,
1740000141,אחזקת רכב ליסינג,"48,782","37,000","45,000",21.62,
1740000300,"כ""א זמני","113,949","120,000","120,000",,
1740000431,הוצ' חשמל,"317,961","1,169,000","186,000",-84.09,
1740000432,הוצ' מים,"69,604","80,000","105,000",31.25,
1740000433,הוצ' נקיון ד.ניהול,"2,023","3,000","20,000",566.67,
1740000450,ריהוט,"693,360",,,,
1740000470,מכונות משרד,"93,929",,,,
1740000510,הוצאות כיבוד,"17,095,392","17,133,000","17,203,000",0.41,71
1740000520,ספרים ועיתונים,,,,,
1740000530,רכב,,,,,
1740000540,טלפון ודואר,,,,,
1740000560,מכשירי כתיבה,,,,,
1740000580,הוצאות שונות,"10,889,274","10,480,000","11,368,000",8.47,76
1740000740,"הצטידות מש""א",,"809,000","930,000",14.96,
1740000742,בית מלאכה,,"261,000","250,000",-4.21,
1740000743,ייצור ושיקום תח' אוטובוס,"1,995,769","2,036,000","2,036,000",,
1740000744,כלים ומכשירים צוות התערבו,"117,957","32,000",,-100,
1740000750,עב' קבלניות )שמירה(,"8,244","17,000","17,000",,
1740000751,קנסות בטיחות בעבודה,"1,031","2,000","2,000",,
1740000754,שילוט בתים ורחובות,,"2,000","2,000",,
1740000930,מיחשוב,"31,008","64,000","50,000",-21.88,
1740000980,השתתפות 190 פעולות,"108,255","113,000","103,000",-8.85,
1742000110,שכר פיתוח כבישים,541,"1,000","1,000",,
1742000120,הבראה וביגוד,510,"12,000","12,000",,
1742000130,שעות נוספות,"731,763","574,000","544,000",-5.23,
1742000140,רכב פיתוח כבישים,"510,793","511,000","593,000",16.05,
1742000141,אחזקת רכב ליסינג,"412,260","349,000","254,000",-27.22,
1742000530,אחזקת רכב,"14,807,405","15,263,000","16,162,000",5.89,76
1742000721,צבע כביש מ.התחבורה,,,,,
1742000722,חומרים לאחז' כביש ומדרכות,,,,,
1742000723,חומרים ריהוט רחובות,,,,,
1742000740,עבר ל- 740/744,,,,,
1742000743,ייצור_ושיקום תח'אוטובוס,"4,625,718","4,458,000","4,778,000",7.18,32
1742000750,עבודות קבלניות,,"288,000","331,000",14.93,
1742000753,אחז'נתיבי איילון,,"104,000","100,000",-3.85,
1742000754,אחז' מדרכות-דקל,"821,978","812,000","812,000",,
1742100110,שכר אחז' ושיקום,"9,508","13,000","13,000",,
1742100120,הבראה וביגוד,,"1,000","1,000",,
1742100130,שעות נוספות,"8,218","13,000","13,000",,
1742100140,רכב אחז' ושיקום,"56,666","59,000","39,000",-33.9,
1742100420,אחזקת מזגנים מפוצלים,36,"1,000","1,000",,
1742100421,אחז' מבני עירייה,"4,084,465","3,500,000","3,900,000",11.43,
1742100530,א.רכב,"100,437","120,000","120,000",,
1742100540,טלפון ודאר,"192,603","270,000","270,000",,
1742100740,עבר ל- 740/744,"3,832",,,,
1742100754,שילוט בתים ורחובות,"9,903,461","9,639,000","10,378,000",7.67,32
1742200110,שכר,,,,,
1742200120,ביגוד והבראה,,,,,
1742200130,שעות נוספות,,,,,
1742200140,רכב,,,,,
1743000110,שכר אגף חשמל,,,,,
1743000120,הבראה ובגוד,,,,,
1743000130,שעות נוספות,"2,681,636","2,500,000","3,200,000",28,
1743000140,הוצאות רכב,,,"400,000",,
1743000141,אחזקת רכב ליסינג,,,"1,600,000",,
1743000530,החזקת רכב,"2,681,636","2,500,000","5,200,000",108,
1743000720,חמרים,,,,,
1743000730,חשמל תאורת רחוב,,,,,
1743000740,כלים מכשירים וציוד,,,,,
1743000750,עבודות קבלניות,,,,,
1743000751,אחזקת רמזורים,"14,333,228","16,536,000","19,119,000",15.62,
1746000110,שכר אחזקת הדומם,"6,917,974","6,552,000","6,154,000",-6.07,
1746000120,הבראה וביגוד אחזקת הדומם,"7,762,257","7,956,000","7,471,000",-6.1,
1746000130,שעות נוספות אחזקת הדומם,"29,013,459","31,044,000","32,744,000",5.48,
1746000140,רכב גינון ומשתלה אחזקת הדומם,,,,,
1746000530,החזקת רכב אחזקת הדומם,,,,,
1746000540,טלפון ודאר אחזקת הדומם,,,,,
1746000720,חמרים אחזקת הדומם,,,,,
1746000740,עבר ל- 740/744,,,,,
1746000751,מזרקות ואנדרטאות,,,,,
1746000753,שדרוג מתקני משחק,"6,590,930","5,067,000","5,431,000",7.18,35.5
1747200110,משכורת ושכר משולב,,"312,000","359,000",15.06,
1747200120,הבראה וביגוד,,"492,000","550,000",11.79,
1747200130,שעות נוספות,"981,710","980,000","980,000",,
1747200140,הוצאות רכב,"19,288","80,000","127,000",58.75,
1747200141,אחזקת רכב ליסינג,"48,615",,,,
1747200300,שכר זמניים,"83,828","92,000","92,000",,
1747200431,הוצ' חשמל,"61,097","70,000","53,000",-24.29,
1747200432,הוצ' מים,"4,862","5,000","5,000",,
1747200470,מכונות משרד ואחזקתן,"2,616","17,000","14,000",-17.65,
1747200510,הוצאות כיבוד,"16,727","15,000","15,000",,
1747200530,הוצאות רכב,"15,000","16,000","18,000",12.5,
1747200540,טלפון ודאר,"262,790","238,000","214,000",-10.08,
1747200560,מכשירי כתיבה והדפסות,"-3,987",,,,
1747200580,הוצאות שונות,"30,702","36,000","36,000",,
1747200720,חומרים,"2,195","3,000","79,000","2,533.33",
1747200740,כלים מכשירים וציוד,"46,185","10,000","14,000",40,
1747200750,עבודות קבלניות,,,"50,000",,
1747310431,הוצ' חשמל,"355,806","235,000","235,000",,
1747310432,מים,,"12,000","12,000",,
1747320431,הוצ' חשמל,"10,727","14,000",,-100,
1747320432,מים,"1,433,107",,,,
1752000750,אירועים,,"126,000","25,000",-80.16,
1752000751,אירועים בחוף הים,"9,962,198","7,820,000","8,309,000",6.25,35.5
1752000752,אירועים במדרחוב,,,,,
1752000990,"אירועי 130 שנה ח""פ",,,,,
1753000780,יחידות אימוץ,,,,,
1754000780,משלחות,,,,,
1761000110,משכורת ושכר משולב,"8,156,183","6,258,000","6,707,000",7.17,46
1761000120,הבראה וביגוד,,"393,000","452,000",15.01,
1761000130,שעות נוספות בפועל,,"1,315,000","1,400,000",6.46,
1761000140,הוצאות רכב,"1,319,473","1,350,000","1,350,000",,
1761000141,אחזקת רכב ליסינג,"180,714","75,000",,-100,
1761000470,מכונות משרד והדפסות,"5,837","6,000","6,000",,
1761000510,הוצאות כיבוד,"3,156","5,000","5,000",,
1761000560,מכשירי כתיבה והדפסות,"3,825","11,000","11,000",,
1761000740,כלים מכשירים וציוד,"8,999","10,000","12,000",20,
1761000742,מע' מוקד בסלולרי,"1,565,513","1,665,000","1,686,000",1.26,
1761000750,עבודות קבלניות,"77,639","79,000",,-100,
1761000780,הוצאות אחרות,"8,949","11,000","13,000",18.18,
1761000930,ציוד יסודי ומחשוב,711,"2,000","2,000",,
1761000990,"ח""פ מוקד","7,211","9,000","10,000",11.11,
1764000110,משכורת ושכר משולב,"251,967","258,000","258,000",,
1764000120,ביגוד והבראה,"12,476,602","13,661,000","16,000,000",17.12,
1764000130,שעות נוספות,"3,775,734","4,036,000","4,385,000",8.65,
1764000140,הוצאות רכב,"1,200,000","1,400,000","1,400,000",,
1764000780,הוצאות שונות,"2,171,739","2,445,000","2,222,000",-9.12,
1764000990,"ח""פ ייעוץ","20,441","24,000","40,000",66.67,
1765000810,מרכז השלטון המקומי,,,"320,000",,
1766000110,משכורת ושכר משולב,,"179,000","187,000",4.47,
1766000120,ביגוד והבראה,"3,543,264","4,284,000","4,984,000",16.34,
1766000130,שעות נוספות,"11,384,865","9,974,000","10,993,000",10.22,73
1766000140,הוצאות רכב,,"578,000","665,000",15.05,
1766000300,"כ""א זמני",,"361,000","800,000",121.61,
1766000431,הוצ' חשמל,"1,173,549","1,062,000","1,062,000",,
1766000432,הוצ' מים,,"37,000",,-100,
1766000470,מכונות משרד ואחזקתן,"1,877,461","1,872,000","2,007,000",7.21,14
1766000510,הוצאות כיבוד,,"89,000","102,000",14.61,
1766000540,טלפון ודאר,,"67,000","91,000",35.82,
1766000560,מכשירי כתיבה והדפסות,"451,509","456,000","456,000",,
1766000750,עבודות קבלניות,"49,665,341","51,972,000","57,626,000",10.88,133
1766000870,קרן שיפוצי בתים,,,,,
1767000440,בטוח,,,,,
1767000441,תביעות צד ג',,,,,
1767000442,קרן ביטוח,,,,,
1771000750,עבודות קבלניות,"8,171,598","6,671,000","7,250,000",8.68,46
1772000750,עבודות קבלניות,,"439,000","505,000",15.03,
1772100300,שכר זמניים,,"1,113,000","1,514,000",36.03,
1772100750,עב' קבלניות,"1,342,391","1,324,000","1,324,000",,
1772100751,פע' חב' חומש,"43,781","27,000",,-100,
1772100752,פעילות שוטפת,"9,729","10,000","10,000",,
1772100780,הוצ' שונות,"4,814","5,000","5,000",,
1772100990,"ח""פ מינהלת נ.אליהו","2,963","8,000","8,000",,
1773000110,משכורת שכר,"9,994","10,000","12,000",20,
1773000140,הוצאות רכב,"1,793,657","1,776,000","1,900,000",6.98,
1773000141,אחזקת רכב ליסינג,"33,129","38,000",,-100,
1773000150,החזר הוצ' שכר,"8,999","9,000","10,000",11.11,
1773000810,שרותי תרבות חב' עירונית,"1,699","2,000","2,000",,
1773000820,העב' הכנס' ממש' לחב'עירונ,"10,046","11,000","11,000",,
1773100430,חשמל היכל התרבות,"327,603","347,000","347,000",,
1773100431,חשמל מתקני ספורט,"28,256","30,000","30,000",,
1773100432,צריכת מים מ.ספורט,"8,017,708","10,900,000","11,700,000",7.34,
1773100752,אחז' מתקני ספורט בפארקים,"2,518,519","3,140,000","3,528,000",12.36,
1773100781,דמי ניהול חב' עירונית,"2,126,809","2,574,000","2,777,000",7.89,
1773100782,דמי ניהול היכל התרבות,"133,156","202,000","262,000",29.7,
1773100783,דמי ניהול סדנא לאומנות,,,"217,000",,
1773100990,ייעוץ למוז' השפה,"685,680","1,400,000","1,477,000",5.5,
1773100991,"ח""פ ארועים ושונות","13,181,045","11,550,000","12,680,000",9.78,81
1773100992,"ח""פ עמותת המוז'",,"675,000","776,000",14.96,
1773100993,"ח""פ שדרוג מתקנים",,"443,000","900,000",103.16,
1773100994,"ח""פ חגיגות 031","1,364,214","1,326,000","1,326,000",,
1781000110,משכורת ושכר משולבי,,"39,000",,-100,
1781000140,הוצאות רכב,"2,226,054","2,144,000","2,298,000",7.18,18
1781000150,החזר הוצ' שכר,,"142,000","163,000",14.79,
1781000810,השתתפות בחב' לבטחון,,"76,000","103,000",35.53,
1781000811,השתת בסיירת הירוקה,"493,050","465,000","465,000",,
1781000820,העב' הכנ' ממש' לחב' לבטחו,"42,534,894","46,896,000","51,600,000",10.03,145
1781000990,הוצ' חפ' חב' לביטחון,,,,,
1781200110,שכר ומשכורת,,,,,
1781200150,החזר הוצ' שכר,,,,,
1781300110,חנייה משכורת ושכר,,,,,
1781400110,סיור- משכורת ושכר,"4,784,207","4,984,000","5,342,000",7.18,31
1782000110,משכורת ושכר משולבי,,"279,000","321,000",15.05,
1782000120,ביגוד והבראה,,"97,000","170,000",75.26,
1782000130,שעות נוספות בפועל,"840,606","792,000","792,000",,
1782000140,הוצאות רכב,"26,944","101,000","74,000",-26.73,
1782000300,שכר זמניים,"151,030",,,,
1782000470,מכונות משרד ואחזקתן,"5,802,787","6,253,000","6,699,000",7.13,31
1782000510,כיבוד,,,,,
1782000540,טלפון ודארים,,,,,
1782000560,מכשירי כתיבה,,,,,
1782000680,שכר עדות,,,,,
1782000750,עבודות קבלניות שופטים,"1,360,155","1,092,000","1,500,000",37.36,8
1782000780,הוצאות אחרות,,"57,000","66,000",15.79,
1782000820,השתתפות,,"89,000","150,000",68.54,
1799000780,ו.חקלאית,"205,506","188,000","188,000",,
1810000110,משכרת ושכר משולב,"18,704","48,000","58,000",20.83,
1810000120,הבראה וביגוד,"76,887","62,000","109,000",75.81,
1810000130,שעות נוספות בפועל,"1,326,836",,,,
1810000140,הוצאות רכב,"31,088","104,000","88,000",-15.38,
1810000750,עבודות קבלניות,"360,390","483,000","700,000",44.93,
1811000110,משכורת ושכר משולבי,,"1,500,000","7,500,000",400,
1811000120,הבראה וביגוד,,,"208,000",,
1811000130,שעות נוספות בפועל,"3,379,566","3,623,000","10,567,000",191.66,8
1811000140,הוצאות רכב,,,,,
1811000141,אחזקת רכב ליסינג,,,,,
1811000300,"שכר כ""א",,,,,
1811000420,תקונים,,,,,
1811000421,שיפוצים משרד החינוך,"1,454,250","1,345,000","1,442,000",7.21,9
1811000422,"סינון חול גנ""י",,"76,000","87,000",14.47,
1811000424,נגישות כיתות לנכים,,"110,000","75,000",-31.82,
1811000425,ש.ס.לימוד עירוני,"279,846","283,000","283,000",,
1811000426,אופק חדש יצירת סביבת עב ל,"1,734,096","1,814,000","1,887,000",4.02,9
1811000470,מכונות משרד והחזקת,,,,,
1811000510,הוצאות כיבוד,,,,,
1811000520,ספרים ועתונים,,,,,
1811000530,אחזקת רכב,,,,,
1811000540,תקשורת נוכחות טלפונית,"801,675","691,000","740,000",7.09,8
1811000550,פרסומים,,"46,000","53,000",15.22,
1811000560,מכשירי כתיבה והדפסות,,"28,000","30,000",7.14,
1811000580,הוצאות שונות,"107,910","115,000","115,000",,
1811000581,אירועים בחינוך,"909,585","880,000","938,000",6.59,8
1811000740,אחזקת איתוראן,,,,,
1811000741,על אנשים ובעלי חיים,,,,,
1811000742,השתת' עצמית ביטוח,,,,,
1811000750,עבודות קבלניות,,,,,
1811000782,פרוייקט מחשב לכל ילד,"1,289,877","1,186,000","1,271,000",7.17,9
1811000786,קליטה בקהילה,,"65,000","75,000",15.38,
1811000930,ציוד יסודי מחשב,,"35,000","40,000",14.29,
1811000980,השתתפות 190 פעולות,"271,632","283,000","283,000",,
1811000990,"הוצ' ח""פ אלימות","1,561,509","1,569,000","1,669,000",6.37,9
1811000991,"הוצ' ח""פ איפרגן",,,,,
1811100110,משכורת ושכר,,,,,
1811100120,הבראה וביגוד,,,,,
1811100130,שעות נוספות,,,,,
1811100140,הוצאות רכב,"1,498,477","1,310,000","1,404,000",7.18,9
1811100300,"כ""א זמניים",,"74,000","85,000",14.86,
1811100560,מכשירי כתיבה,,"149,000","203,000",36.24,
1811100580,הוצאות שונות,"266,824","269,000","269,000",,
1811100783,פרויקטים,"44,579","55,000","149,000",170.91,
1811200110,שכר,"39,676","60,000","60,000",,
1811200120,הבראה וביגוד,"68,743","10,000","10,000",,
1811200130,שעות נוספות,"109,092","36,000",,-100,
1811200140,הוצאות רכב,"394,569","495,000","600,000",21.21,
1811200300,שכר זמניים,"2,421,960","2,458,000","2,780,000",13.1,9
1811210110,שכר פרו' אלימות,,,,,
1811210140,הוצאות רכב,,,,,
1811300110,שכר ומשכורות,,,,,
1811300300,"משרות כ""א",,,,,
1811300750,התחדשות חינוכית,"1,430,518","1,323,000","1,418,000",7.18,8
1811300751,תגבור לימודי,,"75,000","86,000",14.67,
1811300752,תגבור בגרויות,,"164,000","200,000",21.95,
1811300753,יוזמות פדגוגיות,"219,653","196,000","196,000",,
1811300754,שלוחת מצטיינים,"3,135",,,,
1811300755,מחולל מצוינות,"53,206","60,000","60,000",,
1811300756,יוזמות אקדמיזציה,,"50,000","50,000",,
1811300757,תגבור לימודים יסודי,"1,706,512","1,868,000","2,010,000",7.6,8
1811300758,יוזמות מיוחדות,,,,,
1811300759,יוזמות מחוננים,,,,,
1811300760,יוזמות חינוך לקיימות,,,,,
1811300761,בית מדרש מרחבים,,,,,
1812200110,משכורת ושכר משולבי,"23,069","22,000","22,000",,
1812200120,ביגוד והבראה,"13,255,589","10,670,000","10,000,000",-6.28,
1812200130,שעות נוספות,"4,751","8,000","8,000",,
1812200140,אחזקת רכב,,"68,000","5,000",-92.65,
1812200250,שכר מדריכות ריתמיקה,"9,977","13,000","16,000",23.08,
1812200300,"סייעות כ""א","226,604","317,000","515,000",62.46,
1812200420,"אחזקת גנ""י","9,883","16,000","16,000",,
1812200431,הוצ' חשמל,"274,781","304,000","304,000",,
1812200432,מים,"11,650","20,000","20,000",,
1812200433,הוצ' נקיון ד.ניהול,"5,806","15,000","15,000",,
1812200450,רהוט והחזקתו,"470,552","561,000","610,000",8.73,
1812200540,טלפון ודואר,"190,423","198,000","220,000",11.11,
1812200550,פרסומים,"41,689","55,000","55,000",,
1812200560,מכשירי כתיבה,516,,,,
1812200721,חמרים להוצאות שוטפ,"500,000",,,,
1812200740,כלים מכשירים וציוד,"87,356","290,000","200,000",-31.03,
1812200743,הצטיידות ב.לאומי,"17,290,390","18,347,000","19,800,000",7.92,
1812200750,הדברה וניקיון_ושמירה,,"120,000","122,000",1.67,
1812200751,יום לימודים ארוך,,"1,853,000","1,853,000",,
1812200752,"אריעים גנ""י","1,398,420","1,474,000","1,593,000",8.07,
1812200754,השתלמויות,,"122,000","412,000",237.7,
1812200782,צהרונים,"33,801,456","34,473,000","35,786,000",3.81,
1812200810,השתת בשכר  גננות,,,,,
1812200823,"הזנה יוח""א",,,,,
1812200990,"ח""פ הצטיידות גנ""י",,,,,
1813200120,ביגוד והבראה,,,,,
1813200130,שעות נוספות,"3,096,200","2,980,000","3,194,000",7.18,20
1813200140,הוצאות רכב,,"198,000","228,000",15.15,
1813200210,ע.ניקיון,,"98,000","100,000",2.04,
1813200220,שכר מזכירים,"618,073","632,000","632,000",,
1813200230,תחזוקנים,"3,598","6,000","11,000",83.33,
1813200240,שכר סיעות טיפוליות,397,,,,
1813200250,מדריכי בטיחות בדרכים,"3,540",,,,
1813200260,שכר מרכז רון,"28,909","31,000","31,000",,
1813200300,"מזכירות+מורים ש""ק","3,322","14,000","31,000",121.43,
1813200308,"סייעות כ""א","4,264","3,000","3,000",,
1813200309,"תחזוקנים כ""א","8,676","13,000","16,000",23.08,
1813200431,הוצ' חשמל,"8,004","100,000","133,000",33,
1813200432,מים,"3,774,983","4,075,000","4,379,000",7.46,20
1813200450,רהוט והחזקתו,,,,,
1813200522,ספרים לנזקקים,,,,,
1813200523,השאלת ספרים,,,,,
1813200524,שי לבוגרים,,,,,
1813200540,טלפון ודאר,"2,672,740","2,569,000","3,000,000",16.78,15.5
1813200550,פרסומים,,"117,000","135,000",15.38,
1813200721,הוצאות שוטפות,,"196,000","150,000",-23.47,
1813200722,"ניהול עצמי משה""ח","353,209","364,000","364,000",,
1813200740,כלים מכשירים וציוד,,,"51,000",,
1813200741,"על אנשים ובע""ח","20,628",,,,
1813200750,נקיון,"33,611","26,000","26,000",,
1813200751,הדברה,"2,245","2,000","2,000",,
1813200752,יום לימודים ארוך,"1,629","4,000","4,000",,
1813200755,גינות חקלאיות,"4,999","6,000","7,000",16.67,
1813200756,טכנאי מחשבים,"61,482","74,000","104,000",40.54,
1813200757,תוכנית חומש,"32,669","33,000",,-100,
1813200821,סל שיכפול חומ' עול',"33,506","21,000","22,000",4.76,
1813200822,קליטת אתיופים,"155,144","280,000","280,000",,
1813200823,"הזנת יוח""א","7,413",,,,
1813200824,"סל תלמידי ניע""צ","19,534","6,000","6,000",,
1814000120,ביגוד והבראה,"38,529","71,000","71,000",,
1814000130,שעות נוספות בפועל,"28,669","110,000","55,000",-50,
1814000140,הוצאות רכב,"427,839","475,000","275,000",-42.11,
1814000210,ע.ניקיון,"44,840","50,000","50,000",,
1814000220,שכר מזכירים ולבורנטים,,"40,000","40,000",,
1814000230,תחזוקנים,"49,512","7,000","7,000",,
1814000300,שכר זמניים,"42,333","131,000","111,000",-15.27,
1814000431,הוצ' חשמל,,,"7,000",,
1814000432,הוצ' מים,,,"67,000",,
1814000450,רהוט והחזקתו,"57,780",,,,
1814000522,ספרים לנזקקים,"4,088,311","4,582,000","4,834,000",5.5,15.5
1814000524,שי לבוגרים,,,,,
1814000540,טלפון ודאר,,,,,
1814000550,פרסומים,,,,,
1814000721,הוצאות_שוטפות,,,,,
1814000740,כלים מכשירים וציוד,"716,822",,,,4
1814000742,"ציוד ספורט חט""ב","143,160",,,,
1814000743,הצטיידות ביטוח לאומי,"-839,655",,,,
1814000750,עב קבלניות נקיון,"20,327",,, ,4
1814000751,הדברה,,,,,
1814000752,יום לימודים ארוך,,,,,
1814000821,סל שכפול חומרים,,,,,
1814000823,"הזנת יוח""א","637,889",,,,4
1815000141,ליסינג שלף,"125,605",,,,
1815400110,שכר ומשכורת,"-763,494",,,,
1815400120,ביגוד והבראה,"885,418","1,000,000","1,000,000",,
1815400130,שעות נוספות,"885,418","1,000,000","1,000,000",,4
1815400140,אחזקת רכב,,,,,
1815400220,עכר מזכירים,,,,,
1815400230,תחזוקנים,,,,,
1815400431,הוצ' חשמל,,,,,
1815400432,הוצ' מים,"4,687","10,000","8,000",-20,
1815400750,עבודות קבלניות,"2,133","3,000","3,000",,
1815400751,חוזה- בני עקיבא,"6,820","13,000","11,000",-15.38,
1815400820,השתת' העירייה,,,,,
1815400821,סל שיכפול_חומ' עול',,,,,
1815410110,שכר ומשכורת,,,,,
1815410120,ביגוד והבראה,,,,,
1815410130,שעות נוספות,"8,400,000","8,850,000","8,850,000",,
1815410140,אחזקת רכב,"8,400,000","8,850,000","8,850,000",,
1815410141,אחז רכב -ליסינג,,,,,
1815410220,שכר מינהל וסיוע,,,,,
1815410230,שכר תחזוקנים,,,,,
1815410750,ניקיון לאולפנה,,,,,
1815410810,איחוד משכורות,"555,362",,,,
1815410820,השתת עירייה,"555,362",,, ,
1815410821,סל שיכפול חומרים עולים,,,,,
1815510750,עבודות קבלניות,,,,,
1815520750,עבודות קבלניות,,,,,
1815710110,משכורת ושכר משולב,,,,,
1815710120,ביגוד והבראה,,,,,
1815710130,שעות נוספות בפועל,,,,,
1815710140,הוצאות רכב,"2,740,735","2,540,000","2,722,000",7.17,12
1815710141,אחזקת קכב ליסינג,,"145,000","167,000",15.17,
1815710220,שכר מזכירים ולבורנטים,,"31,000","30,000",-3.23,
1815710230,תחזוקנים,"369,008","335,000","335,000",,
1815710300,"כ""א זמני","18,836","65,000","78,000",20,
1815710431,הוצ' חשמל,"75,691",,,,
1815710432,הוצ' מים,"43,639","70,000","60,000",-14.29,
1815710750,ניקיון,"31,346","25,000","25,000",,
1815710780,הוצאות אחרות,"15,651","25,000","14,000",-44,
1815710820,השתתפות העירייה,"76,159",,,,
1815710821,סל שיכפול חומ' עול',"120,197","138,000","138,000",,
1815720110,משכורת ושכר משולב,"8,386","28,000","40,000",42.86,
1815720120,ביגוד והבראה,"3,265","14,000","7,000",-50,
1815720130,שעות נוספות בפועל,"43,084","170,000","200,000",17.65,
1815720140,הוצאות רכב,"226,360","370,000","461,000",24.59,
1815720141,אחזקת רכב ליסינג,"423,929",,,,
1815720220,שכר מזכירים ולבורנטים,"4,196,286","3,956,000","4,277,000",8.11,12
1815720230,תחזוקנים,,,,,
1815720431,הוצ' חשמל,,,,,
1815720750,ניקיון - שמירה,,,,,
1815720780,הוצאות אחרות,,,,,
1815720810,איחוד משכורות,"725,162","681,000","729,000",7.05,6
1815720820,השתתפות העיריה,,"45,000","52,000",15.56,
1815720821,סל שיכפול חומ' עול',,"21,000","20,000",-4.76,
1815730110,משכורת ושכר משולב,"81,262","85,000","85,000",,
1815730120,ביגוד והבראה,,"6,000","6,000",,
1815730130,שעות נוספות בפועל,"806,424","838,000","892,000",6.44,6
1815730140,הוצאות רכב,,,,,
1815730141,אחזקת רכב ליסינג,,,,,
1815730220,שכר מזכירים ולבורנטים,,,,,
1815730230,תחזוקנים,,,,,
1815730300,"כ""א חשבונית","2,488,419","1,989,000","2,131,000",7.14,18
1815730431,הוצ' חשמל,,"146,000","168,000",15.07,
1815730432,הוצ' מים,,"51,000","60,000",17.65,
1815730750,ניקיון ושמירה,"398,954","417,000","417,000",,
1815730751,טכנאים מקיפים ג,"196,893","310,000",,-100,
1815730780,הוצאות אחרות,"31,026","85,000","60,000",-29.41,
1815730781,הוצ' נלוות מ.ג,"74,996","175,000","410,000",134.29,
1815730810,"השתתפ, העירייה",,"48,000",,-100,
1815730811,איחוד משכורות,,"8,000","8,000",,
1815730821,סל שיכפול חומ' עול',"3,190,288","3,229,000","3,254,000",0.77,18
1815730823,"הזנת יוח""א",,,,,
1815740110,משכורת ושכר משולב,,,,,
1815740120,ביגוד והבראה,,,,,
1815740130,שעות נוספות בפועל,,,,,
1815740140,הוצאות רכב,"1,100,546","1,027,000","1,101,000",7.21,6
1815740141,אחזקת רכב ליסינג,,"70,000","81,000",15.71,
1815740220,שכר מזכירים ולבורנטים,,"15,000","20,000",33.33,
1815740230,תחזוקנים,"174,994","187,000","187,000",,
1815740300,שכר זמניים,"1,275,540","1,299,000","1,389,000",6.93,6
1815740431,חשמל מקיף ד',,,,,
1815740432,"הוצ, מים",,,,,
1815740750,ניקיון - שמירה,,,,,
1815740751,טכנאים מקיפים ד,,,,,
1815740780,הוצאות אחרות,"6,033,448","5,610,000","6,013,000",7.18,40
1815740810,השתתפ דמי ניהול,,"392,000","451,000",15.05,
1815740820,השתת' דמי ניהול,,"111,000","130,000",17.12,
1815740821,סל שיכפול חומ' עול',"1,075,953","1,094,000","1,094,000",,
1815750110,משכורת ושכר משולב,"16,022","67,000","115,000",71.64,
1815750120,ביגוד והבראה,"7,125,423","7,274,000","7,803,000",7.27,40
1815750130,שעות נוספות בפועל,,,,,
1815750140,הוצאות רכב,,,,,
1815750141,אחזקת רכב ליסינג,,,,,
1815750220,שכר מזכירים ולבורנטים,,,,,
1815750230,שכר שרתים,"711,936","745,000","798,000",7.11,7
1815750431,הוצ' חשמל,,"36,000","41,000",13.89,
1815750432,הוצ' מים,,"19,000","20,000",5.26,
1815750750,ניקיון - שמירה,"128,271","115,000","115,000",,
1815750780,הוצאות אחרות,,"35,000","66,000",88.57,
1815750810,השתתפ' דמי ניהול,"840,207","950,000","1,040,000",9.47,7
1815750820,השתת' דמי ניהול,,,,,
1815750821,סל שיכפול חומ' עול',,,,,
1815760110,משכורת ושכר משולב,,,,,
1815760120,ביגוד והבראה,,,,,
1815760130,שעות נוספות בפועל,"885,752","886,000","950,000",7.22,4
1815760140,הוצאות רכב,,"37,000","43,000",16.22,
1815760220,שכר מזכירים ולבורנטים,,"6,000","6,000",,
1815760230,תחזוקנים,"122,807","134,000","134,000",,
1815760300,"כ""א חשבונית","1,008,559","1,063,000","1,133,000",6.59,4
1815760431,הוצ' חשמל,,,,,
1815760432,הוצ' מים,,,,,
1815760750,ניקיון - שמירה,,,,,
1815760780,הוצאות אחרות,,,,,
1815760810,השתתפות העירייה,"1,461,148","1,413,000","1,515,000",7.22,8
1815760821,סל שיכפול חומ' עול',,"96,000","110,000",14.58,
1815770110,משכורת ושכר משולב,,"22,000","22,000",,
1815770120,הבראה וביגוד,"280,668","285,000","285,000",,
1815770130,שעות נוספות בפועל,"1,741,816","1,816,000","1,932,000",6.39,8
1815770140,הוצאות רכב,,,,,
1815770141,אחזקת רכב ליסינג,,,,,
1815770220,שכר מזכירים ולבורנטים,,,,,
1815770230,תחזוקנים,,,,,
1815770300,שכר זמניים,,,,,
1815770431,הוצ' חשמל,,,,,
1815770432,הוצ' מים,,,,,
1815770750,ניקיון - שמירה,,,,,
1815770780,שונות,"4,290,240","3,532,000","3,786,000",7.19,23.5
1815770820,השתתפות העיריה,,"215,000","247,000",14.88,
1815770821,סל שיכפול חומ' עול',,"81,000","80,000",-1.23,
1815780110,שכר מקיף ח',"615,769","586,000","586,000",,
1815780120,ביגוד והבראה,"38,785","156,000","122,000",-21.79,
1815780130,שעות נוספות בפועל,"89,014",,,,
1815780140,אחזקת רכב,"335,091","330,000","330,000",,
1815780141,אחזקת רכב ליסינג,"104,985","110,000","83,000",-24.55,
1815780220,שכר מזכירים,"16,621","16,000","19,000",18.75,
1815780230,תחזוקנים,"16,210","26,000","25,000",-3.85,
1815780431,הוצ' חשמל,"9,547","23,000","13,000",-43.48,
1815780432,הוצ' מים,"39,865","41,000","40,000",-2.44,
1815780750,ניקיון - שמירה,"4,194","5,000","5,000",,
1815780780,מקיף ח'-הוצ' שונות,"37,276",,,,
1815780810,איחוד משכורות,"584,894","600,000",,-100,
1815780820,השתתפות העיריה,"54,111","56,000","56,000",,
1815780821,סל שיכפול חומ' עול',"4,013","92,000","52,000",-43.48,
1815790110,שכר מקיף ט',"14,352","12,000","8,000",-33.33,
1815790120,הבראה וביגוד,"8,771","15,000","12,000",-20,
1815790130,שעות נוספות בפועל,"36,374","42,000",,-100,
1815790140,אחזקת רכב,"38,647","153,000","165,000",7.84,
1815790141,אחזקת רכב ליסינג,"137,882","149,000","161,000",8.05,
1815790220,מזכירים,,,"25,000",,
1815790230,תחזוקנים,"18,186",,,,
1815790432,הוצ' מים,"13,003","34,000",,-100,
1815790750,ניקיון - שמירה,"878,680",,,,
1815790780,מקיף ט'-הוצ' שונות,"7,386,510","6,274,000","5,815,000",-7.32,23.5
1815790810,איחוד משכורות,,,,,
1815790820,השתתפות העיריה,,,,,
1815790821,סל שיכפול חומ' עול',,,,,
1815800110,משכורת ושכר מקיף י,,,,,
1815800120,בגוד והבראה,"6,518,336","6,011,000","6,443,000",7.19,49
1815800130,שעות נוספות,,"346,000","398,000",15.03,
1815800140,הוצאות רכב,,"307,000","450,000",46.58,
1815800141,אחזקת רכב ליסינג,"1,225,394","1,198,000","1,198,000",,
1815800220,שכר מזכירים,"9,317","80,000","68,000",-15,
1815800230,תחזוקנים,"468,969","515,000","631,000",22.52,
1815800300,שכר זמניים,"813,405","1,467,000","250,000",-82.96,
1815800432,הוצ' מים,"242,761","322,000","235,000",-27.02,
1815800750,ניקיון - שמירה,"730,649","861,000","861,000",,
1815800780,הוצאות שונות,"24,890",,,,
1815800820,השתתפות העירייה,,"42,000","10,000",-76.19,
1815800821,סל שיכפול חומ' עול',"1,005,207","1,751,000","1,350,000",-22.9,
1815810110,"שכר מקיף י""א","579,635","519,000","600,000",15.61,
1815810120,ביגוד והבראה,,,"700,000",,
1815810130,שעות נוספות,"11,618,563","13,419,000","13,194,000",-1.68,49
1815810140,אחזקת רכב,,,,,
1815810141,רכב ליסינג,,,,,
1815810220,"מקיף י""א-מינהלה",,,,,
1815810230,"מקיף י""א-אחזקה",,,,,
1815810300,שכר זמניים,"9,939,286","9,646,000","10,438,000",8.21,80
1815810740,כלים מכ' וציוד,,"587,000","675,000",14.99,
1815810750,נקיון ושמירה,,"649,000","700,000",7.86,
1815810780,הוצאות שונות,"1,884,714","1,878,000","1,878,000",,
1815810810,איחוד משכורות,"651,362","931,000","1,016,000",9.13,
1815810820,השתת' עירייה,"1,042,219","995,000","1,039,000",4.42,
1815810821,דמי שיכפול,"457,639","548,000","704,000",28.47,
1815810930,מיחשוב,-230,,,,
1816600110,משכורת ושכר משולבים,"46,407",,,,
1816600120,הבראה וביגוד,,"18,000","18,000",,
1816600130,שעות נוספות בפועל,"1,228,588","1,176,000","1,260,000",7.14,8
1816600140,הוצאות רכב,,"75,000","86,000",14.67,
1816600540,תקשורת,,"38,000","52,000",36.84,
1816700431,הוצאות חשמל,"225,860","238,000","238,000",,
1816700432,הוצ' מים,"15,475,845","16,779,000","18,104,000",7.9,88
1816700540,אמנות הוצאות  תקשורת,,,,,
1816710110,משכורת שכר,,,,,
1816710120,ביגוד והבראה,,,,,
1816710140,אחזקת רכב פ.אומנים,,,,,
1817100110,משכורת ושכר,"4,688,471","4,535,000","4,860,000",7.17,31
1817100130,שעות נוספות,,"250,000","288,000",15.2,
1817100140,הוצאות רכב,,"238,000","250,000",5.04,
1817100150,החזר הוצ' שכר,"907,912","919,000","919,000",,
1817200110,משכורת ושכר משולב,"17,371","53,000","63,000",18.87,
1817200120,ביגוד והבראה,"233,286","225,000","400,000",77.78,
1817200130,משכורת שרתים,"338,994","330,000","480,000",45.45,
1817200140,הוצאות רכב,"8,885,191","9,250,000","9,250,000",,
1817200250,שכר מרכז מורים,"23,882","25,000","25,000",,
1817200300,"משרות כ""א","98,618","720,000","749,000",4.03,
1817200750,עבודות_קבלניות,"901,396","998,000","1,390,000",39.28,
1817300110,משכורת ושכר משולב,"16,095,121","17,543,000","18,674,000",6.45,31
1817300120,ביגוד והבראה,,,,,
1817300130,שעות נוספות בפועל,,,,,
1817300140,הוצאות רכב,,,,,
1817300300,שכר זמניים,,,,,
1817300433,חמרי ניקוי,"1,347,361","992,000","1,064,000",7.26,8
1817300510,כיבוד,,"70,000","81,000",15.71,
1817300540,טלפון ודאר,,"64,000","60,000",-6.25,
1817300560,מכשירי כתיבה והדפסות,"269,189","290,000","290,000",,
1817300580,הוצאות שונות,"31,489",,,,
1817300740,כלים מכשירים וציוד,"3,674","6,000",,-100,
1817300750,עבודות קבלניות,"246,042","391,000",,-100,
1817400750,בריאות השן,"8,913",,,,
1817410110,משכורת ושכר,"16,539","29,000","55,000",89.66,
1817410120,בגוד והבראה,"87,473",,,,
1817410140,הוצאות רכב,"2,010,680","1,842,000","1,550,000",-15.85,8
1817410783,"שירותי בריאות אסה""ר",,,,,
1817500441,ביטוח תלמידים,,,,,
1817600110,משכורת ושכר משולב,,,,,
1817600120,ביגוד והבראה,,,,,
1817600130,שעות נוספות בפועל,"8,481,140","6,788,000","7,275,000",7.17,35
1817600140,הוצאות רכב,,"342,000","393,000",14.91,
1817600250,שכר מדריכים לאתיופים,,"1,258,000","1,300,000",3.34,
1817600300,שכר זמניים,"884,650","906,000","906,000",,
1817600750,עבודות קבלניות,"16,539","52,000","58,000",11.54,
1817600751,אתיופים,"103,527","160,000",,-100,
1817600780,הוצאות אחרות,"82,736","80,000","80,000",,
1817700110,משכורת ושכר משולב,"933,654","1,200,000","900,000",-25,
1817700120,ביגוד והבראה,906,"3,000","3,000",,
1817700130,שעות נוספות,"6,000","7,000","7,000",,
1817700140,הוצאות רכב,"217,314","217,000","246,000",13.36,
1817700300,משכר זמניים,"42,730","45,000",,-100,
1817700580,הוצאות שונות,"1,996","3,000","3,000",,
1817700750,עב' קבל'שונות,"2,971","3,000","3,000",,
1817800110,שכר ומשכורת,"168,678","180,000","180,000",,
1817800120,ביגוד והבראה,"19,507","43,000","43,000",,
1817800130,שעות נוספות,"1,124,068","1,287,000","1,521,000",18.18,
1817800140,הוצאות רכב,"12,086,416","12,574,000","12,918,000",2.74,35
1817800512,הסעות תלמידים,,,,,
1817800750,מלווים בהסעות,,,,,
1817900780,"שי לבוגרי י""ב",,,,,
1817900812,השתת בשכר לימוד תל' חוץ,,,,,
1818000110,משכורת ושכר משולב,"92,528","100,000","100,000",,
1818000120,ביגוד והבראה,"384,859","300,000","225,000",-25,
1818000130,שעות נוספות בפועל,"477,387","400,000","325,000",-18.75,
1818000140,הוצאות רכב,,,,,
1818000821,"בי""ס להורים",,,,,
1821100110,משכורת ושכר,,,,,
1821100140,הוצאות רכב,,,,,
1822000110,משכורת ושכר משולב,"281,369","330,000","330,000",,
1822000140,הוצאות רכב,"233,706","260,000","195,000",-25,
1822000150,החזר הוצ' שכר,"515,075","590,000","525,000",-11.02,
1822000300,שכר זמניים,,,,,
1822000750,יועץ תוכן לארועים,,,,,
1822000810,השתתפות ברשות לתרבות ואומ,,,,,
1823000110,משכורת ושכר משולבי,,,,,
1823000140,הוצאות רכב,,,,,
1823000431,הוצ' חשמל,,,,,
1823000432,מים,"548,658","554,000","554,000",,
1823000540,טלפון ודאר,,"120,000","120,000",,
1824000431,חשמל מתנס_ש.המז,,"100,000","100,000",,
1824000432,צריכת מים,"150,000","500,000","500,000",,
1824000808,בריכת שחיה_ר.אל,"698,658","1,274,000","1,274,000",,
1824000809,מ.ר. אליהו )עירייה(,,,,,
1824000810,מ.קהילתי ר.אליהו,,,,,
1824000811,מ.קהילתי ש.המזרח,,,,,
1824000990,"הוצ' ח""פ בר.ר.א",,,,,
1825200750,רכישת קונצרטים,"66,914","94,000","94,000",,
1825200820,השתתפות העירייה בתזמורת,"66,914","94,000","94,000",,
1825200821,קונצרטים מיוחדים,,,,,
1826000431,חשמל בית זרובבל,,,,,
1826000432,צריכת מים,,,,,
1826100431,חשמל בית העם,,,,,
1826100432,צריכת מים,"272,847","300,000","300,000",,
1826200110,משכורת ושכר משולב,"272,847","300,000","300,000",,
1826200140,הוצאות רכב,,,,,
1826200250,שכר מדריכים,,,,,
1826200431,הוצ' חשמל,,,,,
1826200540,טלפון ודאר,,,,,
1826300432,צריכת מים,,,,,
1826400110,משכורת ושכר משולב,,,,,
1826400140,הוצאות רכב,"3,008,813","2,286,000","2,451,000",7.22,28
1826400431,הוצ' חשמל,,"154,000","177,000",14.94,
1826400432,הוצ'  מים,,"542,000","400,000",-26.2,
1826400540,טלפון ודאר,"136,450","106,000","106,000",,
1827000110,שכר_ומשכורת,"16,871","52,000",,-100,
1827000120,הבראה וביגוד,"1,212","3,000","3,000",,
1827000140,רכב_פקידים_נדרשים,"5,996","9,000","12,000",33.33,
1827000300,שכר זמניים,"8,708","12,000","12,000",,
1827000776,תר'תור' לביא מות',"87,727","114,000","20,000",-82.46,
1827000777,פעילות תורנית לביא,,"173,000",,-100,
1827000778,"בי""ס לחזנות","74,959","85,000",,-100,
1827000779,מורשת יהודית,117,"1,000","11,000","1,000.00",
1827000780,תרבות תורנית,"22,747","23,000",,-100,
1827000781,ת.תורנית חרדית,,"20,000",,-100,
1827000782,יוזמות חינוך חרדי,"3,363,600","3,580,000","3,192,000",-10.84,28
1827000785,סיוע לצרכי דת -ח',,,,,
1827000786,קייטנות וצהרונים-ח',,,,,
1827000787,"מרפ""ד חרדי",,,,,
1827100110,שכר תרבות חרדית,,,,,
1827100120,שכר תרבות חרדית,"919,754","951,000","1,020,000",7.26,5
1827100130,שכר תרבות חרדית,,"61,000","70,000",14.75,
1827100140,שכר תרבות חרדית,,"12,000","25,000",108.33,
1828100110,משכורת שכר,"130,969","136,000","136,000",,
1828100120,ביגוד והבראה,"30,825","60,000","45,000",-25,
1828100130,שעות נוספות,,"390,000","390,000",,
1828100140,הוצאות רכב,"493,777","650,000","650,000",,
1828100300,שכר זמניים,"1,575,325","2,260,000","2,336,000",3.36,5
1828100431,הוצ' חשמל,,,,,
1828100432,הוצ' מים,,,,,
1828100433,הוצ' נקיון ד.ניהול,,,,,
1828100470,מכונות משרד,"1,361,706","1,310,000","1,404,000",7.18,11
1828100750,עבודות קבלניות,,"122,000","140,000",14.75,
1828200750,הפ נוער אתיופי,,"105,000","120,000",14.29,
1828200781,פרוייקטים לנוער,"247,916","254,000","254,000",,
1828200782,כנס פרלמנט,"22,016","25,000",,-100,
1828200783,עבר ל- 8473/841,"25,681","16,000","16,000",,
1828200784,פרויקט ציפורי לילה,"2,898","3,000","3,000",,
1828200785,פרוייקט מדע ועמדה,"3,404","11,000","11,000",,
1828200786,מרכז הדרכה לנוער,"2,999","3,000","3,000",,
1828200820,אירועים נוער,"43,559","44,000",,-100,
1828200990,"ח""פ נוער","10,615","10,000","10,000",,
1828900420,שיפוצים בתי נוער,"7,726","21,000",,-100,
1828900740,ציוד לתחזוקה,"-90,146","100,000",,-100,
1828900809,תנועות נוער עירייה,"1,638,374","2,024,000","1,961,000",-3.11,11
1828900810,תנועות נוער,,,,,
1828900811,גופי נוער,,,,,
1829300810,העב' הכנס' ממש' לחב' העיר,,,,,
1829900810,ארגוני ספורט+ספורט לנוער,,,,,
1829900990,"הוצ' ח""פ ספורט","1,745,842","1,830,000","1,830,000",,
1832100110,שכר ומשכורות,"1,673,747","1,600,000","1,600,000",,
1832100120,בגוד והבראה,"109,024","400,000","400,000",,
1832100130,שעות נוספות,"3,528,613","3,830,000","3,830,000",,
1832100140,אחזקת רכב,,,,,
1832100420,תיקונים,,,,,
1832100431,הוצ' חשמל,,,,,
1832100432,הוצ' מיים,,,,,
1832100433,הוצ' נקיון_ד.ניהול,"120,268","138,000","165,000",19.57,
1832100510,כיבוד,"120,268","138,000","165,000",19.57,
1832100540,טלפון ודאר,,,,,
1832100560,מכשירי כתיבה והדפסות,,,,,
1832100750,עבודת נקיון,,,,,
1832100840,יחידה שיקומית טיפולית,,,,,
1832100842,ערן,"171,680","515,000","515,000",,
1832300783,פרוייקט עיר בריאה,"171,680","515,000","515,000",0,
1832300840,מרפאת שיניים קהילתית,,,,,
1832400431,הוצ' חשמל,,,,,
1832400432,הוצ' מים,,,,,
1832400433,הוצ' נקיון ד.ניהול,,,,,
1832400540,טלפון ודאר,,"68,000",,-100,
1832400750,עב קבלניות נקיון,"109,656","478,000","260,000",-45.61,
1832400780,הוצאות אחרות,,"403,000",,-100,
1836200810,"השתתפויות נט""ן",,,"120,000",,
1841000110,משכורת ושכר משולב,"10,883","5,000","5,000",,
1841000120,ביגוד והבראה,,"127,000","127,000",,
1841000130,שעות נוספות בפועל,"292,219","1,596,000","1,027,000",-35.65,
1841000140,הוצאות רכב,,,,,
1841000431,הוצ' חשמל,,,,,
1841000432,הוצ' מים,,,,,
1841000433,הוצ' נקיון ד.ניהול,,,,,
1841000450,רהוט והחזקתו,"4,727,142",,,,24
1841000470,מכונות משרד והחזקתן,"663,074",,,,
1841000510,הוצאות כיבוד,"11,171",,"68,000",,
1841000540,טלפון ודאר,"-5,354,542",,,,
1841000560,מכשירי כתיבה והדפסות,"5,354,542","5,663,000","6,050,000",6.83,
1841000740,כלים מכשירים וציוד,"1,843,896","2,000,000","2,800,000",40,
1841000741,תיקון כסאות גלגלים,"850,141","1,000,000","1,000,000",,
1841000750,עב'קבל שמירה ניקיון,"1,234,423","1,100,000","1,100,000",,
1841000754,חובות אבודים צד ג',"1,686,575","1,700,000","1,275,000",-25,
1841000780,הוצאות אחרות,,"200,000","200,000",,
1841000783,פרוייקט עולים,"14,156,574","15,499,000","17,000,000",9.68,
1841000930,ציוד יסודי מיחשוב,,"1,664,000","1,864,000",12.02,
1841000980,השתתפות 190 פעולות,,"500,000","500,000",,
1841000990,"הוצ' ח""פ רווחה",,"500,000","500,000",,
1841100110,לשכות רווחה,,"8,853,000","8,930,000",0.87,
1841100120,לשכות רווחה,,"971,000",,-100,
1841100130,שעות נוספות,,"445,000",,-100,
1841100140,לשכות רווחה,,,"10,000,000",,
1841200110,שכר ומשכורות,"25,172,996","40,095,000","51,287,000",27.91,24
1841200120,ביגוד והבראה,,,,,
1841200130,שעות נוספות,,,,,
1841200140,הוצאות רכב,,,,,
1841300110,שכר ומשכורת,,,,,
1841300120,ביגוד והבראה,,,,,
1841300130,שעות נוספות,,,,,
1841300140,הוצאות רכב,"9,601,362",,,,15
1842200110,תמיכה ושילוב,"897,352",,,,
1842200120,ביגוד והבראה,"-10,343,185",,,,
1842200130,שעות נוספות בפועל,"12,905,489","13,819,000","13,500,000",-2.31,
1842200140,תמיכה ושילוב,,,"360,000",,
1842200840,צרכים למשפחה,"6,208,000","3,800,000","4,500,000",18.42,
1842200845,צרכים למשפחה הוצ' ממשלה,,"290,000",,-100,
1842200847,משפחות נזקקות,"19,269,018","17,909,000","18,360,000",2.52,15
1842210110,שכר  דרי רחוב,,,,,
1842210120,ביגוד והבראה,,,,,
1842210130,שעות נוספות,,,,,
1842210140,הוצ רכב,,,,,
1842210840,מרכז אלכוהול אלימות,"232,242",,,,3
1842210841,משכן דיירי רחוב,"-232,242",,,,
1842210845,מרכז אלכוהול אלימות,,,,,26
1842220110,דירת מעבר_שכר,,,,,51
1842220130,דירת מעבר ש.נוספות,0,0,0, ,80
1842220140,דירת מעבר  הוצ רכב,,,,,
1842220840,דירת מעבר נשים מוכות,,,,,
1842220845,מקלטים לנשים מוכות,,,,,
1842400840,יעוץ נשואין,,,,,
1843500110,שכר מועדוניות,"109,463","188,000","216,000",14.89,
1843500120,ביגוד והבראה,"109,463","188,000","216,000",14.89,
1843500130,שעות נוספות,,,,,
1843500140,הוצאות רכב,,,,,
1843500300,שכר זמניים,,,,,
1843500840,ילדים במועדוניות,,,,,
1843500841,הנחות הקייטנות,"801,330","663,000","710,000",7.09,6.7
1843500845,ילדים במעדו' הוצ' ממשלה,,"63,000","72,000",14.29,
1843510110,מרכז קשר,,"14,000","19,000",35.71,
1843510120,ביגוד והבראה,"148,078","153,000","153,000",,
1843510130,שעות נוספות,,"43,000",,-100,
1843510140,רכב,"1,142","3,000","6,000",100,
1843510840,מרכז קשר,,,"2,000",,
1843800110,שכר קרן אור,"4,585","6,000",,-100,
1843800130,שעות נוספות,"9,353","12,000","12,000",,
1843800140,הוצאות רכב,,"5,000","5,000",,
1843800842,ילדים בסיכון,"365,975","160,000","165,000",3.13,
1843810110,"כ""א זמני נחלת ויצ""ו","17,635","27,000",,-100,
1843810140,רכב,,"52,000","52,000",,
1843810840,ויצו נחלת,"1,348,098","1,201,000","1,196,000",-0.42,6.7
1843820110,שכר,,,,,
1843820120,ביגוד הבראה,,,,,
1843820130,שעות נוספות,,,,,
1843820140,הוצ' רכב,,,,,
1843820300,"כ""א זמני קהילה",,,,,
1843820840,קהילה 0002,,,,,
1843820845,קהילה 0002 הוצ' ממשלה,,"3,500,000","3,157,000",-9.8,37
1843830840,ליווי הסעות,,,"115,000",,
1843830845,ילדים בפנימיות ממשלה,,,"350,000",,
1843900840,אחזקת ילדים במעונות יום ו,,,"130,000",,
1843900845,ילדים במעונות הוצ' ממשלה,,"1,700,000","1,448,000",-14.82,
1844300845,קשישים במוס' הוצ' ממשלה,"8,695,371","7,799,000","9,012,000",15.55,61.5
1844400110,תחום הקשיש,,"555,000","638,000",14.95,
1844400120,ביגוד והבראה,,"266,000","320,000",20.3,
1844400130,שעות נוספות,"1,321,522","1,281,000","1,281,000",,
1844400140,תחום הקשיש,"44,555","163,000","258,000",58.28,
1844400750,עב' קבל'-שמירה,"251,709","247,000","215,000",-12.96,2.5
1844400840,שרותים קהילתיים לקשיש,"1,050,005","2,474,000","2,513,000",1.58,
1844400845,שירותים לקשיש הוצ' ממשלה,"1,227,172","1,364,000","1,300,000",-4.69,
1844400846,פרוייקטים שכונה תומכת,,,"306,000",,
1844410110,שכר ניצולי שואה,"681,032","171,000",,-100,
1844410130,שעות נוספות נ. שואה,"461,194","684,000","651,000",-4.82,
1844410140,רכב ניצולי שואה,"916,925","1,010,000",,-100,
1844410840,בית לניצולי שואה,"37,624","65,000","60,000",-7.69,
1844500110,שכר מועדוני קשישים,"1,136","5,000","5,000",,
1844500120,ביגוד והבראה  קשישים,"2,478","3,000","3,000",,
1844500130,מועדון קשישים_שעות נוספות,"57,210",,,,
1844500140,הוצאות רכב,"4,281","17,000",,-100,
1844500300,"כ""א זמני מועדוני קשישים","11,078","10,000","10,000",,
1844500431,הוצ' חשמל,"63,823","70,000","64,000",-8.57,
1844500432,הוצ' מים,"100,233","26,000","26,000",,
1844500540,הוצ' טלפון דאר,,"395,000","466,000",17.97,
1844500750,עב קבלניות שמירה ונקיון,,"304,000","314,000",3.29,
1844500841,מועדוני קשישים,,"9,000",,-100,
1845100110,שכר ומשכורת,,,"180,000",,
1845100840,הסעות אוטיסטים,"107,949","356,000",,-100,
1845100841,דיור  מוגן,"174,084","346,000","214,000",-38.15,
1845100845,מפגרים במוס' הוצ' ממשלה,"100,950","110,000","145,000",31.82,
1845200110,משכורת - מעון ורד,"213,573","251,000","35,000",-86.06,
1845200120,ביגוד והבראה,"2,966,580",,,,
1845200130,שעות נוספות בפועל,"2,046,800",,,,
1845200140,הוצאות רכב,"603,200","3,300,000","2,140,000",-35.15,
1845200300,שכר זמניים,"21,140,484","26,481,000","25,356,000",-4.25,101
1845200840,מעון ורד,,,,,
1845200842,קרן שלם,,,,,
1845200845,מעונות מפגרים הוצ' ממשלה,,,,,
1845210110,שכר מעון חצב,,,,,
1845210120,ביגוד ובהבראה,"276,147","296,000","317,000",7.09,3
1845210130,שעות נוספות,,"24,000","28,000",16.67,
1845210300,שכר זמניים,,"10,000","30,000",200,
1845210841,מעון חצב,"34,965","39,000","39,000",,
1845220843,בית מיטל,"20,813","70,000",,-100,
1845230840,מעדונית בלקינד,"4,723","9,000","9,000",,
1845300840,שרותים תומכים למפגר,220,"2,000","2,000",,
1845300845,שרותים תומכים למפגר ממ,"267,271","431,000","451,000",4.64,
1845400110,משכורת ושכר משולב,"604,139","881,000","876,000",-0.57,3
1845400120,ביגוד והבראה,,,,,
1845400130,שעות נוספות בפועל,,,,,
1845400140,הוצאות רכב,,,,,
1845400840,"תמיכות מע""ש","3,179,756","3,000,000","3,215,000",7.17,23.55
1845400845,"מע""ש הוצ' ממשלה",,"200,000","230,000",15,
1845500840,קייטנות עפ פיגור שכלי,,"85,000","50,000",-41.18,
1846000110,שכר,"438,473","450,000","450,000",,
1846000120,ביגוד הבראה,"28,243","35,000","43,000",22.86,0.5
1846000130,שעות נוספות,"1,711,281",,,,
1846000140,הוצאות רכב,"46,423",,,,
1846300110,שכר מועדון עיוור,"5,404,176","3,770,000","3,988,000",5.78,24.05
1846300120,ביגוד והבראה,,,,,
1846300130,שעות נוספות מועדון עיוורי,,,,,
1846300140,רכב מועדון עיוורים,,,,,
1846300840,נכים ועוורים בקהילה,,,,,
1846300841,מועדון עיוורים,,"15,000","16,000",6.67,4.6
1846300845,עיוורים בקהילה הוצ' ממשלה,,"131,000",,-100,
1846500845,שיקום נכים במוסדות ממשלה,"1,044,580","2,242,000","2,890,000",28.9,
1846700840,שיקום נכים בקהילה,"741,933","1,058,000","1,313,000",24.1,
1846700841,הסעות נכים במימון עירייה,"2,305,840","2,731,000","4,772,000",74.73,
1846700845,שיקום נכים בקהילה ממשלה,"5,412,359","3,933,000","3,380,000",-14.06,
1846700846,הסעות וליווי שיקום נכים,"197,435","217,000",,-100,
1846710110,שכר ניצני ראשון,"454,666","527,000","593,000",12.52,
1846710120,ביגוד והבראה -ניצני ראשון,"689,894","1,777,000","2,437,000",37.14,
1846710130,שעות נוספות ניצני ראשון,"4,071,652","4,692,000","4,961,000",5.73,
1846710140,רכב- ניצני ראשון,"612,324",,,,
1846710839,ניצני ראשון מותנה,,"883,000","629,000",-28.77,
1846710840,ניצני ראשון,,"202,000","70,000",-65.35,
1846710841,מפעל מוגן,,"100,000","200,000",100,
1846800110,"כ""א זמני מועדון קשישים","15,530,683","18,508,000","21,261,000",14.87,4.6
1846800130,ש. נוספות מ. חרשים,,,,,
1846800140,רכב מ. חרשים,,,,,
1846800840,שיקום חרשים בקהילה,,,,,
1846800841,מועדון חרשים,,,,,
1846800845,שיקום חרשים בקהילה ממשלה,"26,930,212","24,170,000","26,654,000",10.28,321
1847100110,משכורת ושכר משולב,,"1,979,000","2,276,000",15.01,
1847100120,ביגוד והבראה,,"984,000","1,100,000",11.79,
1847100130,שעות נוספות בפועל,"615,897","600,000","600,000",,
1847100140,הוצאות רכב,"1,825,478","1,896,000","2,003,000",5.64,15.25
1847100141,אחזקת רכב ליסינג,"832,284","906,000","1,222,000",34.88,13.8
1847100431,הוצ' חשמל,"70,568",,,,
1847100433,הוצ' נקיון ד.ניהול,"1,073,202","1,100,000","1,100,000",,
1847100510,הוצאות כיבוד,"1,639,008","1,600,000","1,200,000",-25,
1847100540,טלפון ודאר,"156,940","159,000","182,000",14.47,
1847100560,מכשירי כתיבה והדפסות,"118,825","128,000","138,000",7.81,
1847100840,פעולות נוער וצעירים,"247,398","245,000",,-100,
1847100845,הוצאות הממשלה,"62,835","116,000","119,000",2.59,
1847101110,שכר נערים,"7,962","8,000","8,000",,
1847101120,ביגוד והבראה,"1,115,295","1,152,000","1,179,000",2.34,
1847110110,שכר תקיפה מינית,"618,483","615,000","615,000",,
1847110120,ביגוד והבראה ת.מינית,"176,033","327,000",,-100,
1847110130,ש.נוספות תקיפה מינית,"84,703","72,000","80,000",11.11,
1847110140,ה. רכב תקיפה מינית,"300,858","552,000","496,000",-10.14,
1847110840,תקיפה מינית,"46,652","63,000","63,000",,
1847300110,משכורת ושכר משולב,"565,528","500,000","750,000",50,
1847300120,ביגוד והבראה,"180,620","215,000","235,000",9.3,
1847300130,שעות נוספות,"16,734,232","16,160,000","16,160,000",,
1847300140,הוצ' רכב,"151,670","186,000","190,000",2.15,
1847300300,שכר זמניים,,,"289,000",,
1847300751,מדריכי  גדר,"53,554,683","53,733,000","56,659,000",5.45,350.05
1847300840,תחנה לנפגעי סמים,,,,,
1847300841,מאבק בסמים-פעולות,,,,,
1847300844,אל סם,,,,,
1847300845,סמים הוצ' ממשלה,,,,,
1847400840,תמיכות מפתן,,"2,629,000","3,023,000",14.99,
1847400845,"מפת""ן הוצ' ממשלה",,"208,000","200,000",-3.85,
1848200840,עבודה קהילתית,"1,977,995","1,878,000","1,878,000",,
1848300840,התנדבות,"4,349,891","4,105,000","4,339,000",5.7,39
1849000110,שכר תוכנית חומש,"6,329,590","6,143,000","6,492,000",5.68,61.4
1849000130,שעות נוספות,"6,068,719","6,178,000","6,530,000",5.7,
1849000840,פעולות קליטה רווחה,"18,454,698","18,148,000","20,238,000",11.52,
1849000845,פעולות קליטה הוצ' ממשלה,"126,964","95,000","100,000",5.26,1
1849100110,שכר תוכנית ביתית,"168,716","147,000","156,000",6.12,1.9
1849100120,ביגוד והבראה ת.ביתית,"179,890","441,000","1,501,000",240.36,17.05
1849100130,ש. נוספות ת. ביתית,"1,112,068","445,000",,-100,234.7
1849100840,פרוי' עצמאות מטרוווסט,"179,965","210,000",,-100,55.4
1849100841,מוקד קליטה לאתיופיים,"3,806,263","3,923,000","3,923,000",,
1849100843,אשת חיל,"2,029,984","1,900,000","1,425,000",-25,
1849110110,שכר מוקד קליטה את',"162,514","90,000","150,000",66.67,
1849110120,ביגוד והבראה,"9,614","80,000","21,000",-73.75,
1849110130,שעות נוספות__מוקד קליטה,,,"314,000",,
1849110300,"כ""א זמני מוקד קליטה","48,372","60,000","60,000",,
1849110840,מוקד קליטה לאתיופים,"47,778","48,000",,-100,
1851000431,"אור חדש מלב""י","10,852","60,000","71,000",18.33,
1851000810,השתתפויות דת,"166,546","202,000","245,000",21.29,
1869000110,משכורת ושכר משולב,"2,176,350","2,155,000","2,180,000",1.16,
1869000120,ביגוד והבראה,"524,866","479,000","350,000",-26.93,
1869000130,שעות נוספות בפועל,"6,988",,,,
1869000140,הוצאות רכב,"5,125,394","6,509,000","5,645,000",-13.27,
1869000300,שכר זמניים,"49,532","71,000","71,000",,
1869000433,הוצ' נקיון ד.ניהול,"94,703","15,000","15,000",,
1869000470,מכונות משרד והחזקתן,,"213,000","347,000",62.91,
1869000510,הוצאות כבוד,,"476,000","528,000",10.92,
1869000512,נסיעות וטיולים,,"3,543,000","3,078,000",-13.12,
1869000540,טלפון ודאר,"1,037,533","1,340,000","1,300,000",-2.99,
1869000560,מכשירי כתיבה,,"35,000","31,000",-11.43,
1869000750,פעולות קליטה,"581,110","568,000","641,000",12.85,
1869000751,בית המהנדס,"2,223,247","2,591,000","2,605,000",0.54,
1869000752,קליטה בקהילה,"57,050,142","64,985,000","67,457,000",3.8,410.45
1869000753,פרוייקט מחוברים,,,,,
1869000780,בית העולה,,,,,
1869000782,פרוי'נפש בנפש,,,,,
1869000990,"ח""פ פר' נפש בנפש",,,,,
1869000991,"ח""פ ריהוט מטה קליטה",,"549,000","631,000",14.94,
1879000110,שכר יח סביבתית,,"21,000","5,000",-76.19,
1879000120,ביגוד והבראה,"843,095","870,000","870,000",,
1879000130,שעות נוספות,"1,006,923","530,000","560,000",5.66,6
1879000140,הוצאות רכב,"4,451,582","4,384,000","4,633,000",5.68,35
1879000510,כיבוד,"1,693,588","1,818,000","1,922,000",5.72,12.6
1879000540,טלפון,"97,566","302,000","344,000",13.91,4
1879000560,מכשירי כתיבה והדפסות,"1,801,509","1,800,000","1,800,000",,
1879000580,הוצאות שונות,"603,396","700,000","525,000",-25,
1879000581,פרוייקט חינוך,"399,221","309,000","260,000",-15.86,
1879000582,תוכ' אב מיח.מותנה,"119,746","67,000","87,000",29.85,
1879000740,ציוד הדברה,"136,880","165,000","8,000",-95.15,
1879000741,ציוד מיחזור,"8,665","9,000",,-100,
1879000752,שינוע פסולת לדרום,,"63,000","80,000",26.98,
1879000754,פרוייקט עיר בת קיימא,"497,613","570,000","687,000",20.53,
1879000755,פרו' עיר בריאה,"562,529","581,000","481,000",-17.21,
1879000930,מיחשוב תחנות מעבר,"60,160","63,000","59,000",-6.35,
1879000990,"הוצ' ח""פ פר.אב","12,786","32,000",,-100,
1879000991,"הוצ' ח""פ מיח' ת.מעבר","2,183,097","2,630,000","2,287,000",-13.04,
1879000992,"ח""פ מותנה ממשלה","26,332","48,000","48,000",,
1879000993,"ח""פ עיר בריאה","2,225,802","2,503,000","3,545,000",41.63,
1879100110,שכר אתר אשפה,"543,244","548,000","600,000",9.49,
1931620110,"שכר נכסים-עמ""ת","24,180","67,000","43,000",-35.82,
1931620120,ביגוד והבראה,,,"57,000",, 
1931620130,שעות נוספות,"17,297,914","18,629,000","19,532,000",4.85,
1931620140,רכב נכסים-עמת,,,,,
1931730110,שכר נכסים-הנדסה,,,,,
1931730120,ביגוד והבראה,,,,,
1931730130,שעות נוספות,,,,,
1931730140,רכב נכסים-הנדסה,"1,208,190",,,,
1931740110,נכסים מובנים,,"25,000",,-100,
1931740120,ביגוד והבראה,,"20,000",,-100,
1931740130,שעות נוספות,"58,707","65,000",,-100,
1931740140,רכב נכסים-משא,"180,607","131,000",,-100,
1931740410,שכירויות,"135,907",,,,
1931740440,ביטוח מבנים,"31,441","35,000","35,000",,
1931740550,"פרסום נכסים מש""א","28,360","28,000","21,000",-25,
1937000431,הוצ' חשמל,"140,766","97,000","94,000",-3.09,
1938000110,משכורת ושכר משולב,"383,651","1,151,000","1,100,000",-4.43,
1938000120,הבראה וביגוד,"3,813",,,,
1938000130,שעות נוספות בפועל,"3,592",,,,
1938000140,הוצאות רכב,"2,175,034","1,552,000","1,307,000",-15.79,
1938000141,אחזקת רכב ליסינג,,,,,
1938100421,אחזקה ותיקונים,,,,,
1938100430,צרכני חשמל שונים,,,,,
1938100431,צריכת חשמל מוסדות עירייה,,,,,
1938100432,צריכת מים מוסדות עירייה,"1,500,271","1,511,000","1,400,000",-7.35,13.23
1938100433,חומרי ניקוי,,"70,000","81,000",15.71,
1938100450,רהוט ואחזקה,,"25,000","10,000",-60,
1938100510,כיבוד,"26,643","30,000","30,000",,
1938100540,תקשורת עירונית,,,"58,000",,
1938100541,ביול,"36,334","200,000","212,000",6,2.6
1938100543,טלפונים וסוללות עורוני,"8,329","120,000","127,000",5.83,1.2
1938100550,מיכרזים עירוניים,,"82,000","77,000",-6.1,
1938100680,שונות,,"135,000","371,000",174.81,
1938100750,עב' קבלניות,"15,408","26,000","33,000",26.92,
1938100751,נקיון,"6,008","4,000","9,000",125,
1938100990,"הוצ' ח""פ רכ.רכב","1,592,993","2,203,000","2,408,000",9.31,17.03
1939000110,שכר עובדי ניקיון,,,,,
1939000120,הבראה וביגוד,,,,,
1939000130,שעות נוספות,,,,,
1939000140,הוצאות רכב,,,,,
1939000750,עבודות קבלניות,"122,960","148,000","179,000",20.95,
1941000110,משכורת ושכר משולב,"122,960","148,000","179,000",20.95,
1941000120,הבראה וביגוד,,,,,
1941000130,שעות נוספות בפועל,,,,,
1941000140,הוצאות רכב,,,,,
1941000433,הוצ' נקיון ד.ניהול,,,,,
1941000470,מכונות משרד_ואחזקתן,"73,798","97,000","87,000",-10.31,
1941000510,הוצאות כיבוד,"73,798","97,000","87,000",-10.31,
1941000530,אחזקת רכב,,,,,
1941000531,רכישת רכבים,,,,,
1941000560,מכשירי כתיבה והדפסות,,,,,
1941000580,הוצאות שונות,,,,,
1941000730,דלק וחשמל לפעולות,,,,,
1941000740,כלים מכשירים וציוד,,,,,
1941000750,עב' קבלניות )יעוץ.(,"22,389,349","19,960,000","20,614,000",3.28,129.55
1941000751,דמי מנוי איתוראן,,"1,080,000","1,242,000",15,
1941000930,ציוד יסודי מיחשוב,,"255,000","300,000",17.65,
1991000310,שכר גמלאים,"124,449","116,000","116,000",,
1991000312,פנסיה נחלת,"14,339","52,000","58,000",11.54,
1991000399,"פנסיה מני""ב","1,176,469","1,181,000","1,248,000",5.67,11.2
1992000300,"קרן פיצויים כ""א","274,400","296,000","313,000",5.74,3
1993000981,הוצ' משנים קודמות,,"27,000",,-100,
1993000982,השתת' בועד עובדים,"181,184","160,000","160,000",,
1993000983,מ.ה ב.ל השתת ועד,"77,399","55,000","41,000",-25.45,
1993000984,שומות וניכויים,"330,525","375,000","392,000",4.53,
1994000810,מימון הלוו' סטודנטים,"1,383","2,000","2,000",,
1995000860,הנחות מיסים סוציליות,"814,204","645,000","592,000",-8.22,
1995000861,הנחות צו המיסים,"76,656","100,000","100,000",,
1995000862,הנחות למשלמים מראש,"25,460,357","24,304,000","25,178,000",3.6,143.75
1995000863,הנחות להוראות קבע,,,,,
1995000864,החזרי ארנונה,,,,,
