1091000001,השתתפות המחלקות / יחידות,"-124,948,000","-126,500,000","-138,017,000"
1091000310,תשלומי פנסיה,"122,045,700","124,000,000","135,017,000"
1091000320,פצויים והוון פנסיה,"2,902,300","2,500,000","3,000,000"
1092000001,השתתפות המחלקות / יחידות,"-27,451,300","-29,974,000","-30,860,000"
1092000110,משכורת כוללת,"1,631,500","1,700,000","1,862,000"
1092000112,כוננויות,"17,000","12,000","12,000"
1092000130,שעות נוספות,"27,600","32,000","32,000"
1092000210,עבודה זמנית,"9,000",0,0
1092000410,שכד,"19,200","335,000","160,000"
1092000420,תקונים,"538,700","600,000","400,000"
1092000431,חשמל,"8,773,800","9,444,000","10,500,000"
1092000432,מים,"4,208,700","4,432,000","4,330,000"
1092000540,בולים ומברקים,"616,500","850,000","850,000"
1092000542,טלפון,"3,999,900","4,700,000","5,100,000"
1092000580,הוצאות אחרות,"32,000","50,000","25,000"
1092000710,הובלות וסבלות,"13,700","40,000","40,000"
1092000720,חמרי מזון למזנון,"398,300","400,000","350,000"
1092000740,כלים מכשירים וציוד,"15,700","20,000","20,000"
1092000750,ע.קבלניות-נקיון,"5,258,700","5,401,000","5,500,000"
1092000751,חיילים בודדים,0,"1,000","1,000"
1092000781,ייעוץ ביטוחים,"39,600","50,000","50,000"
1092000782,בקרת חשבונות טלפון,"12,400","60,000","60,000"
1092000930,רכישת ציוד יסודי,"1,639,200","1,547,000","1,367,000"
1092000931,"שדרוג ,תשתיות","199,800","300,000","201,000"
1093000001,השתתפות המחלקות / יחידות,"-10,685,700","-11,448,000","-12,306,000"
1093000110,משכורת כוללת,"1,244,300","1,260,000","1,381,000"
1093000490,השתת בתקציבי עזר-משרד וא,"165,300","169,000","169,000"
1093000520,ספרים ועתונים,"2,500","4,000","7,000"
1093000561,נייר רציף,0,"4,000",0
1093000580,הוצאות שונות,"3,500","4,000","2,000"
1093000740,עזרי מחשב,"95,100","100,000","120,000"
1093000741,ציוד מתכלה,"398,000","400,000","510,000"
1093000742,החזקת תכנה,"2,637,000","3,300,000","3,650,000"
1093000743,החזקת חמרה,"294,800","300,000","300,000"
1093000744,ארכיב אופטי,"55,000","60,000","80,000"
1093000745,שירותי אינטרנט,"95,900","120,000","160,000"
1093000746,אבטחת מידע,"88,700","150,000","90,000"
1093000747,תשתיות תקשורת,"288,100","300,000","300,000"
1093000780,חיובי שכר,"735,700","850,000","880,000"
1093000782,"חיובי הנה""ח","125,000","125,000","125,000"
1093000783,חיובי הגביה,"599,900","600,000","600,000"
1093000784,שימוש בתוכנות,"150,000","150,000","150,000"
1093000785,עובדי אוטומציה,"2,993,300","3,000,000","3,150,000"
1093000786,מערכת הנצחה,"32,000","32,000","32,000"
1093000787,אחזקת מערכות שונות,"681,600","520,000","600,000"
1094000001,השתתפות המחלקות / יחידות,"-5,104,200","-5,294,000","-5,545,000"
1094000110,משכורת כוללת,"4,105,800","4,260,000","4,468,000"
1094000112,שעות כוננות,"108,500","86,000","90,000"
1094000130,שעות נוספות,"61,500","48,000","87,000"
1094000433,חומרי נקיון,"79,500","100,000","100,000"
1094000461,הדפסות,"193,300","200,000","200,000"
1094000470,מכונות משרד ואחזקתם,"270,200","300,000","300,000"
1094000561,מכשירי כתיבה,"285,400","300,000","300,000"
1096100001,השתתפות המחלקות / יחידות,"-21,640,200","-22,328,000","-23,423,000"
1096100110,משכורת כוללת,"12,725,200","13,200,000","13,658,000"
1096100112,כוננות,"160,800","144,000","144,000"
1096100130,שעות נוספות,"145,600","156,000","156,000"
1096100210,עבודה זמנית,"137,700","140,000","90,000"
1096100211,"עב' זמנית- חברת כ""א","72,500","65,000","115,000"
1096100420,תקונים,"7,000","9,000","9,000"
1096100490,השת.בתקציבי-עזר מ.הרשות,"109,500","113,000","254,000"
1096100580,"הוצ, אחרות","5,300","9,000","5,000"
1096100731,דלק,"2,994,700","3,200,000","3,200,000"
1096100732,חלפים מכשירים וציוד,"172,000","200,000","200,000"
1096100734,הוצאות אחרות חדוש רשיון,"219,300","220,000","220,000"
1096100735,שכירת רכב,"11,000","27,000","27,000"
1096100750,עבודות קבלניות תקוני רכב,"4,728,300","4,800,000","5,300,000"
1096100751,עבודות קבלניות-ניקיון,0,"40,000","40,000"
1096100780,יעוץ מקצועי,0,"5,000","5,000"
1096100930,רכישת ציוד יסודי,"151,300",0,0
1111000100,ארנונה ,"-826,713,200","-884,000,000","-907,000,000"
1111000110,ארנונה פיגורים ,"-53,129,400","-71,200,000","-52,500,000"
1111000210,"הכנסות הוצל""פ ","-2,137,300",0,"-2,500,000"
1113000100,הנחות מימון ארנונה ,"-5,885,100","-6,000,000","-6,000,000"
1115000100,הנחות זכאים +ועדה/ארנונה ,"-92,663,600","-89,000,000","-89,000,000"
1122000290,אגרת רשיונות לשלטים ,"-10,254,200","-10,000,000","-12,000,000"
1124000290,מודעות ופרסומים ,"-16,200","-15,000","-22,000"
1192000910,מענק חד פעמי,"-974,400",0,0
1211000400,הכנסות מנהל שפע ,"-223,600","-52,000","-60,000"
1212300400,הכנסות תאגיד ת.מ.י.ר ,"-1,010,100","-700,000","-700,000"
1212300490,הכנסה מאשפתונים ,"-507,800","-450,000","-441,000"
1212400220,אגרת נקוי חצרות ,0,0,"-17,000"
1213000220,אגרת רשיונות למלאכה ותעשי ,"-1,002,300","-850,000","-507,000"
1213000490,הכנסות משוק ארבעת המינים ,"-57,600","-50,000","-52,000"
1214000400,קנסות ,"-406,200","-175,000","-246,000"
1214100450,הכנסות גן החי ,"-1,149,000","-1,000,000","-1,361,000"
1214200940,דמי בדיקת בשר קפוא ,"-1,522,600","-1,000,000","-1,328,000"
1214300210,דמי חיסון ואגרות ,"-968,600","-945,000","-1,180,000"
1214300290,הסגרת כלבים ,"-481,900","-365,000","-318,000"
1222100910,השתת' הממשלה במשמר אזרחי,"-20,600",0,0
1225000400,הכנסות מאבטחה עירונית ,0,0,"-24,000"
1231000220,הכנסות עבור שרותים הנדסיי ,"-495,500","-305,000","-549,000"
1231000221,דפי מידע ,"-1,963,800","-1,300,000","-2,071,000"
1231000223,החזר עמלות פקוח,"-397,300",0,0
1231000225,תכנון ת.ב.ע 2003/18,"-97,900",0,0
1231000226,תכנון ת.ב.ע ב/2061 ,"-99,300",0,"-8,000"
1231000227,תכנון ת.ב.ע 1239/18,"-92,400",0,0
1232000811,השתת. בעלים ,"-30,000,000","-37,000,000","-25,000,000"
1233000290,אגרת רשיונות בניה ,"-12,428,200","-13,000,000","-13,000,000"
1242000990,הכנסות-פרויקטים מיוחדים ,"-142,500",0,0
1244000990,השת.הממשלה בטיחות בדרכים ,"-164,000","-250,000","-469,000"
1250000410,הכנסות מארועי קיץ ,0,0,"-117,000"
1265000410,הכנסות מנהלת הגימלאים ,"-114,200","-70,000","-240,000"
1268000440,הכנסות משניות ,"-1,413,100","-1,672,000","-2,145,000"
1268000910,השתת' הממשלה מ.הפנים ,"-1,541,700","-1,801,000","-1,600,000"
1269000420,הכנסות-בית דפוס ,"-3,000",0,"-4,000"
1269000490,הכנסות שונות ,"-1,480,700","-1,000,000","-1,859,000"
1269000494,הכנסות מאגרת מידע ,"-4,100",0,"-2,000"
1269000660,ריבית ,"-635,600",0,"-100,000"
1269100420,הכנסות למלחמה בסמים ,"-47,500","-50,000","-36,000"
1269100990,הרשות למלחמה בסמים ,"-182,700","-150,000","-108,000"
1269600940,הכנסות עיר ללא אלימות ,0,"-1,995,000","-2,300,000"
1281000310,קנסות בתי-משפט ,"-249,800","-300,000","-128,000"
1281000311,דוחות חניה ,"-7,234,900","-6,000,000","-7,000,000"
1281000312,"גביית דוח""ת עורכי דין ","-5,147,400","-3,000,000","-2,000,000"
1281000313,מבצע קנסות חניה ,"-744,400",0,"-567,000"
1281000315,הכנסות חניה וחניונים ,"-16,156,800","-13,500,000","-14,000,000"
1281000316,"קנסות בימ""ש- פיקוח ","-784,500","-400,000","-1,034,000"
1281000317,"קנסות בימ""ש-הנדסה ","-747,300","-300,000","-1,000,000"
1281000318,קנסות רישוי עסקים ,"-801,200","-750,000","-1,092,000"
1281000319,"קנסות בימש""פ- עישון ",0,0,"-17,000"
1281000320,ברירת משפט-בטחון ,"-103,900","-10,000","-31,000"
1281000321,ברירת קנס-בטחון ,"-117,700","-80,000","-81,000"
1282000490,החז. הוצ. משפט ודמי עקול ,"-561,000","-500,000","-643,000"
1311000420,הכנסות שונות בחינוך ,"-139,300",0,"-100,000"
1311000920,"השתת הממש בשכר קב""ט ","-278,200","-300,000","-350,000"
1311132921,שיפוצי קיץ ,"-59,300",0,0
1312200490,"הזנה,ביטוח,ריטומוסיקה,חוגים ","-5,305,100","-5,500,000","-5,000,000"
1312200920,"השתתפות הממשלה לגנ""י עוז ","-16,091,900","-16,500,000","-23,500,000"
1312200921,"השת.מ.החינוך בציוד וביוח"" ","-154,200",0,0
1312200924,"השת.הממשלה בסייעות-גנ""י ","-482,800","-350,000","-350,000"
1312200925,השתת.בגננות-כנגד הוצאה ,"-13,190,000","-13,200,000","-13,200,000"
1312300420,"הכנסות הורים-תל""ן ","-1,300",0,0
1312300490,"הזנה,ריטמוסיקה,חוגים,ביטוח ","-8,896,500","-9,600,000","-10,000,000"
1312300491,"אג""ח גנ""י ","-421,200","-350,000","-500,000"
1312300920,השתת הממש בגני טרום חובה ,"-44,772,000","-47,500,000","-54,000,000"
1312500490,הכנסות מצהרוניות ,"-2,079,600","-128,000","-2,247,000"
1312600920,"השתת.הממשלה יוח""א גנ""י ","-317,300","-185,000","-185,000"
1312600930,השתתפות רווחה במועדוניות ,"-234,700","-200,000","-245,000"
1313200420,ביס של החופש הגדול-הכנ.הורים,"-1,348,000",0,0
1313200920,השתת הממשלה לבתי-ס יסודי ,"-17,233,000","-18,000,000","-18,800,000"
1313200921,"השתת.מש""ח-ביס של החופש הגדול","-2,357,700",0,0
1313200922,הכנס.עבור סיוע נהול עצמי ,"-3,985,200","-4,000,000","-4,270,000"
1313200923,השתת.הממשלה בהזנה-ח.מיוחד ,"-1,465,500","-1,200,000","-1,500,000"
1313200924,השתת הממש במועדוניות ,"-797,500","-800,000","-730,000"
1313200925,השתת הממשלה בסייעות ,"-16,746,400","-16,000,000","-19,500,000"
1313200926,השתת. הממשלה בשכפולים ,"-421,600","-450,000","-450,000"
1313200927,השת.ממשלה בחמרי מלאכה ,"-581,400","-600,000","-600,000"
1313200928,סל תלמיד לעולה ,"-208,600","-100,000","-100,000"
1313200929,שיפוצי קיץ_ומיוחדות ,"-984,900",0,0
1313230420,הכנס.הורים תלן ממד כ.גנים ,"-10,000",0,0
1313260931,השתתפות רווחה במועדון חברים ,0,0,0
1313270420,"תל""ן מורשה ","-200,000",0,0
1313280420,"תל""ן הורים-ממ""ד נווה גן ","-40,000",0,0
1313290920,השתת.משרד החינוך ,"-859,800","-950,000","-820,000"
1313290921,השתתפות משרד החינוך ,"-288,000","-300,000",0
1313290922,שיפוצי קיץ ,"-3,300",0,0
1313700610,מכירת תוצרת ,"-65,800","-50,000","-50,000"
1313700920,השתתפות הממשלה ,"-319,600","-270,000","-275,000"
1314000420,תשלומי הורים-למודי מתמטיק,"-51,300",0,0
1314000421,תשלומי הורים-מנע ,"-312,700","-80,000","-80,000"
1314000423,פרויקט חושבים חיובי ,"-27,000",0,0
1314000424,פיתוח מנהיגות טכנולוגית ,"-127,300",0,0
1314000425,"הכנסות מתל""ן הורים ","-61,900",0,0
1314000920,"השתת' הממשלה בשכר חט""ב ","-11,920,400","-12,100,000","-12,400,000"
1314000921,השת' בשכר לבורנטים וספרני ,"-529,400","-550,000","-530,000"
1314000922,השתת. הממשלה בשכפולים ,"-139,900","-100,000","-100,000"
1314000923,השתת.ממשלה בחמרי מלאכה ,"-322,300","-282,000","-282,000"
1314000924,"סל תלמיד לעולה-חט""ב ","-101,300","-50,000","-50,000"
1314700420,"בי""ס לשגרירים צעירים-הכנסות ","-157,000","-40,000","-40,000"
1315200410,השת.דמי בחינות בגרות ברנר ,"-2,300",0,0
1315200411,השת.בדמי בחינות בגרות-אחד ,"-7,600",0,0
1315200412,דמי בגרות-בן-גוריון ,"-14,500",0,0
1315200413,דמי בחינות בגרות במעלה ,-900,0,0
1315200414,דמי בחינות בגרות ישורון ,"-2,000",0,0
1315200417,בחינות בגרות-גולדה ,"-4,900",0,0
1315200418,השתת. ביס- קניית שעות ,"-748,600","-1,500,000","-1,100,000"
1315200420,תשלומי הורים תנופה ,"-132,600",0,"-1,000"
1315200422,"הכנסות משכ""ד חדרים וקיוס ","-2,478,000","-2,000,000","-2,000,000"
1315200920,"השת' הממשלה בבתי""ס על יסו ","-72,929,400","-73,000,000","-80,000,000"
1315200922,תגבור יהדות ,"-8,200",0,"-350,000"
1315200923,השתת. הממשלה בשכפולים ,"-80,900","-80,000","-80,000"
1315200924,השת.ממשלה בחמרי מלאכה ,"-136,200","-232,000","-232,000"
1315200925,"סל תלמיד לעולה-עי""ס ","-5,200","-50,000","-50,000"
1315200926,הכנסות מחוננים ,"-606,000","-700,000","-600,000"
1315210420,השת.הורים מנע ,"-158,600","-80,000","-80,000"
1315500420,"הכנסות משכ""ל ","-2,606,000","-2,300,000","-2,300,000"
1315500421,תשלומי הורים-שמירה ,"-62,000","-62,000","-62,000"
1315500422,יוזמות עצמיות ,"-8,100","-15,000","-15,000"
1315500450,הכנסות מקונצרטים ,"-22,000","-22,000","-22,000"
1315500490,כלי נגינה-השכרה ,"-43,500","-28,000","-28,000"
1315500920,השתתפות ממשלה ,"-245,600","-280,000","-280,000"
1315500921,השתת.ממשלה-מועדון מוסיקלי ,"-193,700","-167,000","-167,000"
1315500922,מלגות ,"-21,200","-40,000","-40,000"
1315500923,יוזמות,"-7,700",0,0
1316000430,השת.האונברסיטה הפתוחה ,"-603,800","-650,000","-600,000"
1316000431,"הכנסות משכ""ד ","-25,900","-60,000","-25,000"
1316000450,הכנסות מקורסים ,0,0,"-24,000"
1317100990,הששת. הממשלה בשמירה ,"-5,012,200","-5,400,000","-6,100,000"
1317200920,"הכנסה פס""גה ","-39,800",0,"-42,000"
1317210920,השתת.מרכז יישומי מחשב ,0,"-35,000","-35,000"
1317300420,הכנסות שרות פסיכולוגי ,"-298,700",0,"-200,000"
1317300920,"הכנסות שפ""' ","-4,944,100","-4,600,000","-5,850,000"
1317500220,אגרת בטוח תלמידים ,"-1,161,700","-1,584,000","-1,300,000"
1317600420,תשלומי הורים-מחשב לכל ילד ,"-6,300",0,"-13,000"
1317600690,הכנסות מתרומות ,"-990,900","-918,000","-650,000"
1317600920,השת' הממשלה בפרויקט רווחה ,"-141,600","-170,000","-170,000"
1317620420,"בי""ס מנגן ","-402,200","-410,000","-410,000"
1317620421,השתת. הורים פרוייקט יישוב ,"-393,800","-395,000","-405,000"
1317620920,פרוייקט יישובי ,"-121,600","-200,000","-200,000"
1317650490,השתת. הורים- קידום נוער,"-1,500",0,0
1317650920,הכנסות ממשלה-קידום נוער ,"-483,800","-603,000","-500,000"
1317700920,"השתת' בשכר קב""סים ","-960,700","-990,000","-950,000"
1317800490,דמי הסעת תלמידים ,"-210,300","-500,000","-700,000"
1317800920,השתת הממשלה בהסעת ילדים ,"-973,100","-1,200,000","-1,200,000"
1317800921,הכנסות לווי הסעות ,"-3,393,900","-3,700,000","-4,200,000"
1317800922,הסעות חינוך מיוחד ,"-5,548,300","-6,000,000","-6,000,000"
1317900490,אגרות חינוך ,"-2,788,300","-3,100,000","-3,100,000"
1317900491,אגרות חינוך- ח. רגיל ,"-319,900","-300,000","-300,000"
1317900922,השת' בחנוך משלים יסודי ,"-3,673,000",0,0
1317900923,"השת' בחנוך משלים עי""ס ","-845,500",0,0
1318100410,"שכ""ל ","-138,700","-160,000","-140,000"
1318100921,השתתפות הממשלה ,"-156,800","-125,000","-150,000"
1318200420,תשלומים לחוגים ,"-376,100","-370,000","-370,000"
1318200450,"הכנסות שכ""ד ","-30,000","-40,000","-45,000"
1318400420,"שכ""ל ","-454,700","-530,000","-530,000"
1318500420,הכנסות משכר לימוד ,"-604,300","-550,000","-700,000"
1319000410,הכנסה מאגרות חינוך ,"-388,100","-600,000","-500,000"
1319000921,השת' בשכר ,"-2,063,400","-2,500,000","-2,500,000"
1319000922,השתת. בסייעות ,"-447,300","-550,000","-800,000"
1319000923,"השתתפות בקבסי""ם ","-64,000","-70,000","-70,000"
1319000925,השתת.בפסיכולוגים ,"-447,400","-450,000","-500,000"
1319000926,הכנסות מלווים ,"-111,000","-120,000","-120,000"
1319000928,שיפוצי קיץ ,"-142,900",0,0
1323000491,הכנסות מפעילויות ,"-40,600","-40,000","-40,000"
1323000920,הכנסות משרד החנוך ,"-1,672,000","-1,500,000","-1,500,000"
1324000400,הכנסות מתנס שערים ,"-1,067,200","-1,200,000","-1,202,000"
1324000410,הכנסות בית לזרוס ,"-978,000","-1,000,000","-1,100,000"
1325200420,הוראת מיומנות נגינה ,-600,0,0
1326100454,הכנסות מאולם שרת ,"-180,700","-160,000","-160,000"
1326210450,הכנסות ממזאון יד לבנים ,"-209,100","-220,000","-220,000"
1326210451,הכנסות מפעולות תרבות ,"-31,100","-30,000","-30,000"
1326210453,הכנסות מחוגים ,"-115,500","-88,000","-88,000"
1326210454,הכנסות מהשתתפות ,"-14,300",0,0
1326210910,הכנסות מפעל הפיס ,"-37,000",0,0
1326210920,הכנסות משרד החינוך ,"-454,000",0,0
1326220450,הכנסות-בית אברהם שפירא ,"-18,100",0,0
1326230450,הכנסות ממזאון גוף האדם ,"-194,400","-160,000","-100,000"
1326230451,"הכנסות מפעולות תרבות-גנ""י ","-22,600","-10,000","-10,000"
1326230452,הכנסות מחוגים ,"-113,800","-76,000","-76,000"
1326230453,הכנסות מפעילות חינוכית ,0,0,"-60,000"
1326230920,השתתפות משרד החינוך ,"-446,600","-200,000","-200,000"
1326500410,הכנסות היכל תרבות ,"-5,721,300","-7,000,000","-5,500,000"
1326500411,הכנסות במעבר-אמרגנים ,"-2,838,600",0,0
1326500414,הכנסות מחניון ,0,"-200,000",0
1326500415,הכנסות משכירות מזנון ,0,"-100,000","-66,000"
1327000421,הכנסות מפעילויות שונות ,"-194,200",0,"-252,000"
1327100450,פעולות תרבות תורנית כללית ,"-13,300",0,"-5,000"
1327100451,הכנסות מחזנות ,"-150,000",0,"-240,000"
1327100452,הכנסות ממועדונים ,"-41,500",0,"-57,000"
1327100920,השתת.משרד החינוך ,"-520,500",0,"-237,000"
1328200420,תשלומי תלמידים לחוגים ,-300,0,"-1,000"
1328200421,הכנס.מקלוב תעופה ,"-126,200","-70,000","-119,000"
1328200450,הכנסות מפעולות שונות ,"-17,800","-20,000",0
1328200453,הכנ' למעדוני חריגים ,"-45,800","-30,000","-4,000"
1328200454,הכנסות ממרכז חממה ,"-23,700",0,0
1328200455,"הכנסות-מרכז הכנה לצה""ל ",0,0,"-13,000"
1328200920,השת' הממשלה בתי נוער ,"-328,000","-100,000",0
1328200970,"הכנסות ממשה""בט ",0,"-11,000",0
1329000491,הכנסות מארועים ,"-16,700",0,"-1,000"
1329000910,השתת. משרד הקליטה ,0,"-85,000",0
1329000920,השתת.משרדי ממשלה ,"-233,600","-200,000","-90,000"
1329000921,"פרחי ספורט-ממשרד הספורט,מדע ",0,0,"-96,000"
1329300410,הכנסות ממגרשי אימון באצטדיון,"-319,500","-510,000","-376,000"
1329300411,"השתתפות חל""פ בשכר ",0,"-100,000","-105,000"
1329400410,הכנסות מצהרונים ,"-1,044,300","-1,400,000","-1,156,000"
1329400990,"השתתפות-משרד התמ""ת ","-69,700",0,"-62,000"
1329500410,"הכנסות מיו""לא ","-1,516,100","-1,500,000","-1,666,000"
1332300410,הכנס.מטיפולי שיניים תלמי ,"-91,700","-100,000","-90,000"
1332300411,"הכנסות מפנימיית אמי""ת ","-5,300","-30,000","-6,000"
1332300450,הכנסות מטיפולי שיניים לקשישי,"-146,100","-150,000","-118,000"
1332300940,הכנסות משרד הבריאות ,"-221,800","-250,000","-215,000"
1332300945,הכנסות שירותי בריאות השן ,"-321,300","-500,000",0
1332400410,הכנס.קלינאית תקשורת ,"-90,100","-70,000","-76,000"
1332400940,השתת הממשלה ברפואה מונעת ,"-1,351,100","-2,100,000","-1,800,000"
1341000410,השתתפות פונים- פעילות בקהילה,"-1,400",0,0
1341000930,כ א וארגוניות-השתת משרד ,"-12,743,000","-14,000,000","-14,790,000"
1341001410,השתת. פונים-פעילות בקהילה ,0,"-5,000",0
1342200410,השתת.עצמית מטופלים ,"-199,900","-180,000","-180,000"
1342200930,משפחות במצוקה בקהילה ,"-253,900","-349,000","-349,000"
1342200931,הסעות נכים ,"-142,800","-161,000","-161,000"
1342200932,סיוע למשפחות עם ילדים ,"-290,800","-343,000","-343,000"
1342200933,מקלטים לנשים מוכות ,"-675,500","-720,000","-470,000"
1342200934,טיפול באלכוהוליסטים ,"-328,600","-448,000","-448,000"
1342200936,טיפול בדרי רחוב ,"-199,500","-200,000","-196,000"
1342200937,מסגרות ארציות-דרי רחוב ,"-462,300","-465,000","-750,000"
1342200938,סדנאות למשפחות,"-7,000","-6,000",0
1342200939,דרי רחוב-רב בעייתי,"-65,700","-133,000",0
1342410410,תחנה ליעוץ נישואין ,"-213,900","-160,000","-210,000"
1343500410,השתת. הורים במועדוניות ,"-3,600","-13,000","-20,000"
1343500930,טיפול בילד בקהילה ,"-1,431,100","-1,353,000","-1,353,000"
1343500931,השתת.הממשלה-מועדוניות ,"-216,400","-120,000","-75,000"
1343800411,השתת קרובים לסדור ילדים ,"-777,700","-611,000","-906,000"
1343800931,השתת מ.הסעד לסדור ילדים ,"-12,803,800","-12,239,000","-15,730,000"
1343800932,השתת.בילדים בפנימיות-עולי ,"-813,800","-908,000","-787,000"
1343800933,יצירת קשר הורים ילדים ,"-109,000","-59,000","-60,000"
1343800936,טיפול במשפחות אומנה ,"-559,800","-582,000","-582,000"
1343800939,טיפול בפגיעות מיניות ,"-61,100","-66,000","-24,000"
1343900410,השתתפות קרובים- טיפול באוטיס,"-224,500","-180,000","-216,000"
1343900930,טיפול בהורים וילדיהם-אוטס ,"-373,000","-395,000","-443,000"
1343900931,הסעות אוטיסטים ,"-199,500","-282,000","-282,000"
1343900932,הכנסות לטיפול באוטיסטים ,"-6,563,500","-6,538,000","-7,845,000"
1343900933,השתת מ.הסעד בסדור במעונות ,"-3,478,000","-3,872,000","-4,058,000"
1343900934,מועדונים לילדים ,"-57,000","-53,000","-185,000"
1343900935,מעונות יום שיקומיים ,"-449,000","-563,000","-1,065,000"
1343900936,נופשונים וקייטנות ,"-106,700","-94,000","-109,000"
1343900937,מ. יום תעסוקה לבוגרים ,"-602,300","-780,000","-863,000"
1344300410,השתת קרובים בסדור זקנים ,"-3,322,300","-2,762,000","-3,635,000"
1344300411,השתת זקנים בארוחות ,"-31,500","-30,000","-30,000"
1344300930,שכונה תומכת ,"-343,200","-261,000","-313,000"
1344300931,השתת מ הסעד בהחזקת זקנים ,"-3,449,500","-3,450,000","-2,435,000"
1344400930,השת.הממשלה-מועדונים לקשיש ,"-236,400","-186,000","-186,000"
1344400931,מסגרות יומיות לזקן ,"-870,300","-950,000","-1,139,000"
1344400932,טיפול ומכשירי שמיעה לקשיש,"-16,400","-15,000",0
1344400935,השתת. בנופשון לזקן ,"-12,700","-30,000","-60,000"
1344420410,השתת עצמית מטופלים ,"-75,500","-73,000","-120,000"
1344420930,השתת משרד הסעד בזקן ,"-233,300","-340,000","-340,000"
1344420931,שרותים לניצולי שואה ,"-33,500","-25,000","-70,000"
1345100410,השתתפות קרובים ,"-29,300","-33,000","-66,000"
1345100930,נופשונים למפגר ,"-109,600","-105,000","-160,000"
1345100931,השת מ.הסעד בסדור מפגרים ב ,"-28,943,400","-29,182,000","-31,714,000"
1345100933,מ.הסעד-מפגרים עולים ,"-420,000","-435,000","-583,000"
1345100934,משפחות אומנה למפגר ,"-16,000","-18,000","-17,000"
1345100935,משפחות אומנה לשיקום ,"-60,900","-64,000","-65,000"
1345100936,סביבה תומכת ,"-139,100","-167,000","-167,000"
1345110930,השת.הממשלה-מפגרים ממשלתי ,"-7,513,800","-7,700,000","-7,062,000"
1345210930,מפגרים במעון טיפולי ,"-2,385,400","-2,801,000","-3,161,000"
1345210931,"מ. יום שיקומי -מש""ה ",0,0,"-44,000"
1345210932,מ. יום טיפולי-עולים ,"-32,900","-24,000","-24,000"
1345300930,מ.הסעד בשרותים תומכים ,"-22,500","-28,000","-29,000"
1345300931,הכנסות מקרן שלם,"-64,000",0,0
1345300932,מפגרים במעון אמוני ,"-116,800","-125,000","-125,000"
1345300933,השתת. בהסעות למעון יום ,"-532,300","-508,000","-552,000"
1345300934,מועדונים חברתיים למפגר ,"-123,000","-108,000","-133,000"
1345400410,השת הורים בהח.ח.מעש ,"2,200",0,0
1345400930,השתת מ.הסעד במעש ,"-1,627,600","-1,694,000","-1,694,000"
1346200930,השת.הממשלה-שקום לעיוור ,"-195,600","-256,000","-110,000"
1346300930,השתת הממשלה-הדרכת העיוור ,"-165,600","-167,000","-167,000"
1346310930,השת.הממשלה-העיוור בקהילה ,"-9,100","-8,000","-19,000"
1346310931,מועדונים לעוור ,"-81,200","-74,000","-74,000"
1346310932,ילדים עיוורים במוסדות ,"-22,500","-22,000","-23,000"
1346400930,השת.הממשלה-מפעלים לעיוור ,"-89,800","-22,000","-252,000"
1346500930,סדור נכים בפנימיות ,"-6,855,300","-6,643,000","-7,667,000"
1346500932,נכים בפנימיות עולים ,"-103,800","-106,000","-106,000"
1346500933,תכניות לילד החריג ,"-132,900","-135,000","-50,000"
1346500934,נכים במשפחות אומנה ,"-552,400","-584,000","-584,000"
1346500935,מרכז יום לנפגעי ראש,"-75,500","-89,000",0
1346500936,תעסוקה נתמכת לנכים ,"-107,100","-88,000","-173,000"
1346510930,השתת הממש-מעון ממשלתי ,"-421,200","-421,000","-422,000"
1346700930,השתת הממשלה-נכים בקהילה ,"-138,500","-138,000","-48,000"
1346700931,מעון יום שיקומי-נכים ,"-994,100","-1,050,000","-1,421,000"
1346700932,נופשונים להבראה ,"-24,800","-35,000","-18,000"
1346700933,מרכזי יום לנכים קשים ,"-47,600","-47,000","-47,000"
1346700934,הסעות למעון יום שיקומי ,"-1,010,100","-1,241,000","-1,241,000"
1346700935,ליווי למעון יום שיקומי ,"-299,200","-395,000","-395,000"
1346700936,חלופה למעון יום שיקומי,"-176,100","-213,000",0
1346800931,השתת הממשלה-תעסוקה למוגבל ,"-516,900","-428,000","-680,000"
1346810930,השת.מ.הסעד-מרכז שקום ואבח ,"-13,200",0,"-24,000"
1346810931,השת הממש מע.יום ילדים מוג ,"-433,100","-540,000","-672,000"
1346810932,השתת הממש נכים בקהילה-עול ,"-32,800","-30,000","-48,000"
1347100730,בית חם-הכנסות בטוח לאומי ,"-74,100","-100,000",0
1347100930,השתת מ.הסעד-נוער_וצעירים ,"-51,300","-79,000","-75,000"
1347100931,השתת.מ-הסעד-נערות במצוקה ,"-25,400","-39,000","-39,000"
1347100934,פרויקט מעטפת ,0,"-150,000","-150,000"
1347100936,בתים חמים לנערות ,"-336,000","-335,000","-335,000"
1347100937,מרחב פתוח לנערות ,"-89,500","-50,000","-200,000"
1347100938,תכ. לאומית לילדים ונוער בסיכ,"-7,400","-464,000","-696,000"
1347100950,השתת. מש. הקליטה-מרחב פתוח ל,0,"-100,000","-200,000"
1347100990,השתת.ביטוח לאומי-בית חם ,0,0,"-159,000"
1347400930,השת מש. הסעד-מפתן ממשלתי ,"-8,200","-11,000",0
1347410930,השתת מ.הסעד-מפתן מקומי ,"-277,000","-324,000",0
1347410931,מניעת אלימות,"-45,400","-51,000",0
1348000930,השתת הממשלה בעבודה קהילתי ,"-13,000","-23,000","-18,000"
1348000931,השתת. מועדוני חרשים ,"-74,700","-69,000","-99,000"
1348000932,ע ק אתיופים ,"-101,800","-140,000","-140,000"
1348000934,פתוח קהילתי-קהילה נגישה,"-14,700","-15,000",0
1348100410,השתתפות פונים ,0,0,"-31,000"
1348100930,סמים-טיפול בקהילה ,"-176,500","-65,000","-65,000"
1348100931,טיפול בעולים נפגעי סמים ,"-37,500","-45,000","-45,000"
1348100932,בדיקות למשתמשי סמים ,"-13,400","-12,000","-12,000"
1348100933,בית נועם,"-89,800","-133,000",0
1348100934,מועדון יום לנוער-סמים ,"-95,900","-94,000","-112,000"
1348200930,מרכזי טיפול באלימות ,"-232,000","-265,000","-265,000"
1348200931,מרכזי טיפול באלימות-עולים ,"-43,700","-45,000","-45,000"
1348300410,בית חברתי ,"-74,700","-40,000","-170,000"
1348300491,הכנסות בית המתנדב ,"-2,300","-4,000","-36,000"
1348300930,השת ממשלה-פ. התנדבות ,"-19,500","-16,000","-16,000"
1349100930,השתת הממשלה-זקנים עולים ,"-178,000","-157,000","-157,000"
1349100931,השת.מ.הסעד-משפ'עולים במצו ,"-41,400","-68,000","-83,000"
1349100933,השת.מ.הסעד-ילדים עולים במ ,"-43,200","-46,000","-107,000"
1349100934,השתת.מ.הסעד-מעונות עולים ,"-140,800","-153,000","-70,000"
1360000420,הכנסות עצמיות ,"-324,600",0,0
1360000950,הכנסות-משרד הקליטה ,"-893,500",0,0
1361000410,הכנסות מתלמידים עולים ,"-157,500","-140,000","-145,000"
1361000950,משרד הקליטה חינוך מבוגרים ,"-117,300","-100,000","-125,000"
1363000950,הכנסות משרד הקליטה-מוקד קליטה,"-627,300","-600,000","-495,000"
1371000990,מענקים מיוחדים איכות הסבי ,"-209,400","-300,000","-251,000"
1410000211,אגרת מים-פיגורים ,"-181,700","-100,000","-25,000"
1430000640,"שכ""ד ודמי מפתח ","-1,418,200","-800,000","-1,700,000"
1439000610,הכנסות ממכירת גרוטאות ,"-59,000","-50,000","-10,000"
1471000222,אגרת ביוב פיגורים ,"-24,800","-10,000","-10,000"
1510000513,החזר הוצאות משנים קודמות ,"-2,785,300","-1,000,000","-1,000,000"
1599999999,הכנסות מותנות,0,0,"-13,790,000"
1611100110,משכורת כוללת ,"3,836,400","3,965,000","3,858,000"
1611100142,דמי יצוג ,"21,900","48,000","30,000"
1611100490,השתת.בתקציבי עזר משרדי הרשות,"1,500,000","1,700,000","1,751,000"
1611100510,אשל וכיבודים ,"19,800","30,000","30,000"
1611100520,ספרים ועתונים ,"19,000","24,000","24,000"
1611100593,השתת בתקציב עזר-מיכון ,"141,200","157,000","167,000"
1611100596,השתת. בת.עזר מוסך ורכב ,"117,700","122,000","127,000"
1611100930,רכישת ציוד יסודי ,500,"1,000","1,000"
1612000110,משכורת כוללת ,"984,700","1,185,000","1,046,000"
1612000490,השתת.בתקציבי עזר משרדי הרשות,"72,300","85,000","88,000"
1612000561,הדפסות ,"4,900","6,000","6,000"
1612000580,הוצאות אחרות ,"1,000","3,000","2,000"
1612000593,השתת בתקציב עזר-מיכון ,"47,500","52,000","55,000"
1612000780,שכירת מבקרים חיצוניים ,"196,500","300,000","300,000"
1613000110,משכורת כוללת ,"11,513,600","13,500,000","9,516,000"
1613000112,שעות כוננות ,"445,900","464,000","453,000"
1613000130,שעות נוספות ,"264,000","250,000","242,000"
1613000210,עבודה זמנית ,"99,800","120,000",0
1613000490,השתת.בתקציבי עזר משרדי הרשות,"400,000","500,000","515,000"
1613000520,ספרים ועתונים ,"16,000","30,000","30,000"
1613000593,השתתפות בתקציבי עזר ,"187,600","210,000","224,000"
1613000596,השתת. בת.עזר מוסך ורכב ,"306,000","315,000","327,000"
1613000750,תמלול פרוטוקולים,"55,300","70,000","115,000"
1613000780,אחזקת ארכיון ,"187,000","230,000","300,000"
1614000110,משכורת כוללת ,"892,200","1,320,000","1,361,000"
1614000112,כוננות ,"29,300","24,000","41,000"
1614000130,שעות נוספות ,"2,100",0,"2,000"
1614000210,עבודה זמנית ,"85,400","50,000",0
1614000490,השתת.בתקציבי עזר משרדי הרשות,"49,600","59,000","61,000"
1614000593,השתת בתקציב עזר-מיכון ,"47,500","52,000","55,000"
1614000783,פרסומים ודוברות ,"1,518,900","2,000,000","1,800,000"
1615000110,משכורת כוללת ,"3,085,400","3,150,000","4,385,000"
1615000112,שעות כוננות ,"11,900","15,000","48,000"
1615000130,שעות נוספות ,"25,000","23,000","68,000"
1615000210,עבודה זמנית ,"52,400","50,000","91,000"
1615000410,שכר-דירה ,"237,500","242,000","242,000"
1615000490,השתת.בתקציבי עזר משרדי הרשות,"241,700","300,000","309,000"
1615000510,כיבוד ,0,"2,000","2,000"
1615000520,ספרים ועתונים ,600,"5,000","5,000"
1615000580,הוצאות אחרות ,"78,600","80,000","59,000"
1615000581,פרסים לעובדים מצטיינים ,0,"20,000","20,000"
1615000582,שי לעובדים פורשים ,"8,300","20,000","20,000"
1615000593,השתת בתקציב עזר-מיכון ,"235,000","262,000","279,000"
1616100780,השתלמויות לעובדים ,"967,500","850,000","1,076,000"
1616100781,השתלמות סקטוריאלית ,0,"1,500,000",0
1617000110,משכורת כוללת ,"3,650,000","4,000,000","4,469,000"
1617000130,שעות נוספות ,"10,600","15,000","21,000"
1617000210,עבודה זמנית ,"180,100","160,000","230,000"
1617000410,שכר-דירה ,"469,600","480,000","480,000"
1617000490,השתת.בתקציבי עזר משרדי הרשות,"500,000","520,000","536,000"
1617000510,כיבוד וארועים ,"2,700","4,000","4,000"
1617000520,ספרים ועתונים ,"5,300","17,000","17,000"
1617000580,הוצאות אחרות ,"2,300","5,000","3,000"
1617000593,השתת בתקציב עזר-מיכון ,"280,300","314,000","335,000"
1617000781,הוצאות משפטיות ,"2,814,500","1,000,000","991,000"
1617000782,יעוץ משפטי ,"11,535,200","10,350,000","10,600,000"
1617000783,תשלום פסקי דין ,"977,600","1,000,000","1,000,000"
1618000110,משכורת כוללת ,"1,303,300","1,315,000","1,545,000"
1618000112,שעות כוננות ,"9,000","10,000","11,000"
1618000750,עבודות קבלניות G.I.S,"171,800","180,000","180,000"
1618000781,פעולות ,"442,800","460,000","380,000"
1621100110,משכורת כוללת ,"7,235,500","7,681,000","8,328,000"
1621100210,עבודה זמנית ,"66,500","50,000",0
1621100211,"עב' זמנית-עובדי כ""א ","33,100","40,000",0
1621100490,השתת.בתקציבי עזר משרדי הרשות,"266,500","317,000","327,000"
1621100520,ספרים ועתונים ,600,"5,000","5,000"
1621100580,הוצאות אחרות ,"21,500","25,000","23,000"
1621100593,השתת בתקציב עזר-מיכון ,"235,000","262,000","279,000"
1621100596,השתת. בת.עזר מוסך ורכב ,"42,800","41,000","43,000"
1621100780,השתלמויות ,0,"100,000","100,000"
1621100781,ייעוץ מקצועי ,"3,700","35,000","35,000"
1621300110,משכורת כוללת ,"3,324,100","3,800,000","3,928,000"
1621300130,שעות נוספות ,200,"2,000","5,000"
1621300210,עבודה זמנית ,"54,500","85,000","88,000"
1621300490,השתת.בתקציבי עזר משרדי הרשות,"266,500","317,000","327,000"
1621300520,ספרים ,"14,800","15,000","15,000"
1621300580,הוצאות אחרות ,900,"2,000","1,000"
1621300593,השתת בתקציבי עזר מיכון ,"235,000","262,000","279,000"
1621300750,מענה טלפוני ,0,"300,000","300,000"
1621300780,"שכ""ט רו""ח ","47,500","55,000","53,000"
1623000110,משכורת כוללת ,"13,484,500","14,600,000","15,304,000"
1623000130,שעות נוספות ,"141,200","115,000","142,000"
1623000210,עבודה זמנית ,"78,400","95,000","85,000"
1623000461,הדפסות ,"451,100","510,000","470,000"
1623000490,השתת.בתקציבי עזר משרדי הרשות,"2,000,000","2,300,000","2,369,000"
1623000540,דואר ,"558,700","900,000","600,000"
1623000541,חלוקת ארנונה ,"547,300","700,000","600,000"
1623000580,הוצאות אחרות ,"9,800","11,000","8,000"
1623000581,ועדות ערר ,"344,300","640,000","539,000"
1623000593,השתת בתקציבי עזר-מיכון ,"399,300","289,000","319,000"
1623000596,השת בתקציבי עזר ,"306,000","315,000","327,000"
1623000750,"עבודות קבלניות,חקירות,עו"" ","1,268,100","1,600,000","1,600,000"
1623000751,גביית חובות-עבודות קבלניו ,"5,718,700","5,800,000","6,200,000"
1623000752,עמלת סקר ארנונה ,"479,800","1,100,000","1,038,000"
1623000755,שרותי מוקד חיצוני-יח.הכנס ,"465,000","800,000","800,000"
1631000610,עמלה ,"4,414,400","4,000,000","4,000,000"
1632000641,הוצאות מימון-מס הכנסה ,0,"500,000","500,000"
1632000860,"הנחות למשלמים מראש והו""ק ","5,885,100","6,000,000","6,000,000"
1649000691,"תשלומים ע""ח קרן ","27,636,500","25,800,000","14,000,000"
1649000692,"תשלומים ע""ח ריבית ","4,687,900","3,550,000","2,600,000"
1649000693,"תשלומים ע""ח הצמדה ","8,398,400","6,650,000","2,400,000"
1711000110,משכורת כוללת ,"1,431,600","1,420,000","1,218,000"
1711000112,שעות כוננות ,"23,000","24,000","39,000"
1711000130,שעות נוספות ,"36,300","44,000","53,000"
1711000410,שכר-דירה ,"637,000","650,000","693,000"
1711000490,השתת.בתקציבי עזר משרדי הרשות,"458,600","545,000","561,000"
1711000550,פרסום והסברה ,"7,000","9,000","9,000"
1711000561,הדפסות ,"4,800","5,000","5,000"
1711000580,הוצאות אחרות ,"114,100","148,000","75,000"
1711000593,השתת בתקציב עזר-מיכון ,"466,800","424,000","399,000"
1712100110,משכורת כוללת ,0,0,"1,120,000"
1712100112,שעות כוננות ,0,0,"13,000"
1712100130,שעות נוספות ,0,0,"44,000"
1712100741,חלקי חילוף לאשפתונים ,"238,600","200,000","200,000"
1712100931,רכישת אשפתונים ,"557,800","559,000","559,000"
1712200420,תקונים ,"7,400","8,000","8,000"
1712200580,הוצאות אחרות ,"29,100","10,000","5,000"
1712200740,כלים מכשירים וציוד ,"125,000","100,000","74,000"
1712200750,עבודות קבלניות ,"24,022,900","28,970,000","29,000,000"
1712200751,סלוק פסולת גינה ,"6,357,400","6,250,000","5,000,000"
1712200752,סלוק מפגעים משטחים צבוריי ,"499,900","500,000","500,000"
1712300110,משכורת כוללת ,"45,236,900","47,800,000","51,334,000"
1712300112,שעות כוננות ,"238,900","216,000","239,000"
1712300130,שעות נוספות ,"255,700","264,000","371,000"
1712300210,עבודה זמנית ,"26,700","120,000","356,000"
1712300211,"עב' זמנית-עובדי חברת כ""א ","399,400","80,000",0
1712300490,השתת.בתקציבי עזר משרדי הרשות,"250,000","600,000","618,000"
1712300593,השתת בתקציב עזר-מיכון ,"187,600","210,000","224,000"
1712300596,השתת. בת.עזר מוסך ורכב ,"12,408,200","12,841,000","13,563,000"
1712300750,פעילות -חוק האריזות ,"446,000","700,000","700,000"
1712300751,עב.קבלנות-הרקת מכולות ,"3,500,000","5,000,000","4,580,000"
1712300752,שנוע הטמנה ומחזור פסולת ,"34,734,800","36,000,000","36,900,000"
1712400110,משכורת כוללת ,0,0,"1,137,000"
1712400112,שעות כוננות ,0,0,"25,000"
1712400130,שעות נוספות ,0,0,"109,000"
1713000110,משכורת כוללת ,"13,030,800","13,600,000","13,183,000"
1713000112,שעות כוננות ,"265,500","220,000","254,000"
1713000130,שעות נוספות ,"659,500","676,000","982,000"
1713000210,עבודה זמנית ,0,0,"4,000"
1713000490,השתת בתקציבי עזר-משרד וא ,"291,300","343,000","353,000"
1713000580,הוצאות אחרות רישוי עסקים,"45,100","55,000","27,000"
1713000593,השתת בתקציב עזר-מיכון ,"187,600","210,000","224,000"
1713000596,השתת. בת.עזר מוסך ורכב ,"1,898,200","1,951,000","2,028,000"
1713000750,עבודות קבלניות ,"3,199,700","480,000","480,000"
1713000780,הוצאות אחרות ,"98,100","34,000","90,000"
1713000781,הוצאות שוק ארבעת המינים ,"65,800","70,000","70,000"
1713000782,גבית שלטים - מילגם ,"746,200","700,000","705,000"
1713000783,שילוט ,"33,000","213,000","213,000"
1714000110,משכורת כוללת ,"2,340,600","2,500,000","2,814,000"
1714000112,שעות כוננות ,"50,700","60,000","79,000"
1714000130,שעות נוספות ,"80,600","96,000","120,000"
1714000420,תקונים ,"1,200","2,000","10,000"
1714000490,השתת.בתקציבי עזר משרדי הרשות,"169,400","202,000","208,000"
1714000562,טלפון ,"3,800","30,000","5,000"
1714000593,השתת.בתקציבי עזר מיכון ,"187,600","210,000","224,000"
1714000596,השתת. בת.עזר מוסך ורכב ,"415,200","427,000","444,000"
1714000720,כלים וחמרים לפעילות ,"269,300","230,000","290,000"
1714000740,כלים מכשירים וציוד ,"34,500","35,000","35,000"
1714000750,עבודות קבלניות וטרנריות ,"165,900","50,000","100,000"
1714000780,דמי בדיקת בשר ,0,"1,000","1,000"
1714000781,הדפסת רשיונות ,"22,200","30,000","30,000"
1714000782,עיקור כלבים וחתולים ,"124,900","200,000","300,000"
1714100110,משכורת כוללת ,"1,793,300","1,780,000","2,120,000"
1714100112,שעות כוננות ,"14,900","10,000","13,000"
1714100130,שעות נוספות ,"100,000","64,000","181,000"
1714100210,עבודה זמנית ,0,0,"76,000"
1714100420,תקונים ,"18,200","18,000","18,000"
1714100490,השתת.בתקציבי עזר משרדי הרשות,"49,600","59,000","61,000"
1714100520,ספרים ופרסום ,600,"10,000","10,000"
1714100561,הדפסות ,0,"5,000","5,000"
1714100562,בולים טלפון ,"18,200","20,000","20,000"
1714100581,הוצ. שונות ,"19,700","18,000","48,000"
1714100593,השתת.בתקציבי עזר מיכון ,"47,500","52,000","55,000"
1714100596,השתת. בת.עזר מוסך ורכב ,"124,100","128,000","133,000"
1714100720,כלים וחמרים לפעילות ,"112,200","140,000","140,000"
1714100740,כלים מכשירים וציוד ,"34,700","36,000","56,000"
1714100750,עבודות קבלניות ,"224,000","247,000","306,000"
1714100783,רכישת בעלי חיים ,0,"3,000","3,000"
1715200110,משכורת כוללת ,"1,259,700","1,310,000","1,245,000"
1715200112,שעות כוננות ,"105,700","96,000","59,000"
1715200130,שעות נוספות ,"18,100","24,000","32,000"
1715200490,השתת.בתקציבי עזר משרדי הרשות,"121,900","143,000","147,000"
1715200596,השתת. בת.עזר מוסך ורכב ,"385,200","397,000","413,000"
1715200740,כלים מכשירים ציוד וחומרים ,"78,600","90,000","90,000"
1715200750,עב. קבלניות ,"693,600","604,000","707,000"
1715200830,השתת.באגוד ערים לתברואה ,"254,200","338,000","328,000"
1721000110,משכורת כוללת ,"3,637,700","5,000,000","5,208,000"
1721000112,כוננות ,"179,700","144,000","205,000"
1721000130,שעות נוספות ,"282,400","293,000","501,000"
1721000490,השתת.בתקציבי עזר משרדי הרשות,"219,000","258,000","266,000"
1721000580,הוצאות אחרות ,"49,700","50,000","21,000"
1721000593,השתת בתקציב עזר-מיכון ,"280,300","314,000","335,000"
1721000596,השתת. בת.עזר מוסך ורכב ,"1,294,700","1,331,000","1,383,000"
1721000753,"מבדקי בטיחות במוס""ח",0,"200,000",0
1722000750,אבטחת מתקנים עירוניים ,"2,746,600","2,700,000","2,700,000"
1722000751,אבטחת נבחרי ציבור ,"776,000",0,"1,319,000"
1722100110,משכורת כוללת ,"99,600","102,000","98,000"
1722100510,"כיבוד למשא""ז ","14,100","10,000","15,000"
1722100581,"החזקת בסיסי משא""ז ","23,200","25,000","22,000"
1722100596,השתת. בת.עזר מוסך ורכב ,"100,600","102,000","106,000"
1722100781,"שיפוץ בסיסי משא""ז ",600,"3,000","4,000"
1722100784,"כנסים למשא""ז ","16,300","18,000","17,000"
1723000110,משכורת כוללת ,"402,300","362,000","474,000"
1723000112,שעות כוננות ,"26,900","24,000","53,000"
1723000130,שעות נוספות ,"36,900","18,000","73,000"
1723000210,עבודה זמנית ,"86,900","85,000","183,000"
1723000562,"טלפון הג""א ","11,800","12,000","16,000"
1723000785,אחזקת מחסני חרום ,"7,900","8,000","8,000"
1723000786,החז.מקלטים צבוריים ,"76,900","103,000","25,000"
1723000831,השתתפות בהגא ארצי ,"1,404,300","1,405,000","1,481,000"
1724100750,"מכבי אש-ביקורות ציוד,כיבוי,ח","250,000","250,000","250,000"
1724100830,השתת בתקציב אגוד ערים ,"6,429,200","5,800,000","5,675,000"
1725000750,הפעלת אבטחה עירונית,"1,031,400",0,0
1726100781,"אחזקת ציוד - יח' סע""ר ","109,800","50,000","39,000"
1727000750,שיטור עירוני ,"73,800","110,000","94,000"
1731000110,משכורת כוללת ,"1,244,400","1,550,000","1,365,000"
1731000112,שעות כוננות ,"24,700","25,000","34,000"
1731000210,עבודה זמנית ,"110,200","77,000","86,000"
1731000410,שכר דירה ,0,"3,000,000","3,000,000"
1731000490,השתת.בתקציבי עזר משרדי הרשות,"147,100","165,000","170,000"
1731000510,כיבוד ועדות ,"20,600","28,000","23,000"
1731000580,הוצאות אחרות ,"118,700","127,000","109,000"
1731000593,השתת בתקציב עזר-מיכון ,"235,000","262,000","279,000"
1731000750,עבודות קבלניות ,"934,000","433,000","329,000"
1731000780,השתלמויות ,0,"9,000","3,000"
1731000950,תכנון בניין ערים ,"1,884,900","571,000","586,000"
1731000952,תכנון תבע ,"352,000","300,000","170,000"
1732000110,משכורת כוללת ,"3,202,600","3,280,000","4,166,000"
1732000112,כוננות ,"4,700","4,000","5,000"
1732000210,עבודה זמנית ,"13,200","18,000",0
1732000490,השתת.בתקציבי עזר משרדי הרשות,"316,500","367,000","378,000"
1732000550,פרסומי תבעות ,"45,000","41,000","21,000"
1732000593,השתת בתקציב עזר-מיכון ,"141,200","157,000","167,000"
1732000780,יעוץ תכנוני,"21,200","45,000",0
1732000782,הוצ. תכנון תבע 2003/18,"164,600",0,0
1732000784,שמאות ,"50,000","45,000","36,000"
1732000786,תכנון תבע 1602/ב,"98,900",0,0
1732000950,תכנון בנין ערים ,"600,000","540,000","540,000"
1732100783,פצויים ,"59,000","270,000","270,000"
1732100784,שמאות ,"2,779,000","2,800,000","2,800,000"
1732100951,מדידות ,"159,500","200,000","200,000"
1733000110,משכורת כוללת ,"5,040,100","7,150,000","7,258,000"
1733000112,שעות כוננות ,"86,800","78,000","164,000"
1733000130,שעות נוספות ,"37,700","36,000","214,000"
1733000490,השתת.בתקציבי עזר משרדי הרשות,"400,000","451,000","465,000"
1733000580,הוצאות אחרות ,"16,800","16,000","13,000"
1733000593,השתת בתקציב עזר-מיכון ,"141,200","157,000","167,000"
1733000750,עב' קבלניות-הריסת מבנים מ ,"48,600","80,000","80,000"
1733000784,שמאות שווי כפל,"50,000","45,000",0
1733200110,משכורת כוללת ,"2,312,800","2,510,000","2,743,000"
1733200112,שעות כוננות ,"118,100","108,000","138,000"
1733200490,השתת.בתקציבי עזר משרדי הרשות,"370,000","393,000","405,000"
1733200580,הוצאות אחרות ,"4,800","5,000","3,000"
1733200750,עבודות קבלניות-החזר עמלות ,"333,800","200,000","200,000"
1742002110,משכורת כוללת ,"16,200",0,"144,000"
1742002112,שעות כוננות ,0,0,"15,000"
1742002130,שעות נוספות ,0,0,"20,000"
1742002593,השתת.בתקציבי עזר מיכון ,"141,200","157,000","167,000"
1742002750,פקוח הנדסי חצוני ,"7,200","10,000","10,000"
1742003110,משכורת כוללת ,"1,117,200","1,160,000","1,524,000"
1742003112,כוננות ,"87,500","84,000","106,000"
1742003130,שעות נוספות ,"29,800","30,000","61,000"
1742003490,השתת.בתקציבי עזר משרדי הרשות,"450,000","450,000","464,000"
1742003580,הוצאות אחרות,"1,000","1,000",0
1742003593,השתת.בתקציבי עזר מיכון ,"188,700","209,000","223,000"
1742003750,עבודות קבלניות ,"264,700","265,000","297,000"
1742003753,טיפול במפגעים-מוקד ,"300,000","300,000","250,000"
1742003754,עבודות לפני טופס 4 ,"300,000","300,000",0
1743000110,משכורת כוללת ,"1,763,400","1,700,000","2,199,000"
1743000112,כוננות ,"30,200","24,000","29,000"
1743000130,שעות נוספות ,"203,000","168,000","188,000"
1743000490,השתת.בתקציבי עזר משרדי הרשות,"99,600","112,000","115,000"
1743000593,השתת בתקציב עזר-מיכון ,"93,800","105,000","112,000"
1743000596,השתת. בת.עזר מוסך ורכב ,"860,300","884,000","919,000"
1743000720,חומרים וציוד ,"299,600","300,000","300,000"
1743000750,עבודה קבלנית_כולל פיקוח ,"300,000","300,000",0
1743000751,העתקת עמודים ,"29,400","30,000","30,000"
1743000752,תאורה לגנים ציבוריים ,"149,900","150,000","150,000"
1743000760,חשמל ומאור רחובות ,"7,586,700","7,600,000","8,200,000"
1743000780,אחזקת בקרי תאורה ,0,0,"82,000"
1744000110,משכורת כוללת ,"3,433,200","3,850,000","3,450,000"
1744000112,כוננות ,"65,200","60,000","89,000"
1744000130,שעות נוספות ,"44,100","48,000","51,000"
1744000490,השתת.בתקציבי עזר משרדי הרשות,"169,400","202,000","208,000"
1744000593,השתת בתקציב עזר-מיכון ,"132,900","155,000","112,000"
1744000596,השתת בתקציבי עזר מוסך ,"1,007,900","1,035,000","1,076,000"
1744000720,חמרים ,"23,500","30,000","80,000"
1744000750,עבודות קבלניות ,"300,000","250,000","193,000"
1744000751,סימון וצביעת כבישים ,"50,000","150,000",0
1744000752,החזקת רמזורים ,"1,230,000","1,850,000","1,850,000"
1744000753,אחזקת תמרורים מוארים ,"99,800","125,000","75,000"
1744000760,חשמל לרמזורים ,"521,400","800,000","400,000"
1744000780,פעולות בטיחות בדרכים ,"353,700","350,000","600,000"
1744000781,תמרורי תנועה רגילים ,"79,900","80,000","80,000"
1744000782,שלוט ורהוט רחובות ,"82,100","86,000","86,000"
1744000950,תכנון צמתים ,"64,300","80,000","80,000"
1744000951,תכנון כבישים ,"391,100","400,000","400,000"
1745500580,הוצאות אחרות ,0,"5,000","2,000"
1745500740,כלים מכשירים וציוד,0,"30,000",0
1745500750,עבודות קבלניות ,"100,000","100,000",0
1745500751,עבודות קבלניות-תיעול ,"100,000","100,000",0
1745700830,השת.בתקציב רשות הנקוז ,"513,500","714,000","936,000"
1746000110,משכורת כוללת ,"4,595,300","4,650,000","4,809,000"
1746000112,כוננות ,"185,700","165,000","123,000"
1746000130,שעות נוספות ,"168,900","180,000","237,000"
1746000410,שכר-דירה ,"144,300","150,000","147,000"
1746000432,מים ,"7,158,600","7,000,000","6,000,000"
1746000490,השתת.בתקציבי עזר משרדי הרשות,"850,000","900,000","927,000"
1746000520,ספרים ועתונים ,"2,000","2,000","2,000"
1746000580,הוצאות אחרות ,0,"1,000","1,000"
1746000593,השתת בתקציב עזר-מיכון ,"187,600","210,000","224,000"
1746000596,השתת. בת.עזר מוסך ורכב ,"830,300","854,000","887,000"
1746000720,חמרים_ושלטים ,"12,800","19,000","34,000"
1746000721,חומרי הדברה ואחרים ,0,"4,000","4,000"
1746000740,כלים מכשירים וציוד ,"3,000","5,000","5,000"
1746000750,הח.גנים ומגרשי משחקים ,"1,599,600","1,625,000","1,625,000"
1746000751,עב.קבלניות-אחז שטחי גנון ,"13,998,700","14,000,000","15,000,000"
1746000752,אחזקת הדומם ,"99,400","182,000","200,000"
1746000754,הפארק הגדול-אחזקה ,"31,500","40,000","40,000"
1746000830,השתת ברשות נחל הירקון ,"642,400","643,000","643,000"
1750000110,שכר עבודה ,"28,800","1,200,000","875,000"
1750000112,שעות כוננות ,0,0,"30,000"
1750000130,שעות נוספות ,200,0,"58,000"
1750000210,עבודה זמנית ,"10,400",0,"81,000"
1750000781,חגיגות ואירועים ,"5,780,200","7,000,000","4,661,000"
1750000784,טכסי הנצחה ,"442,400","1,000,000","1,000,000"
1750000790,פעולות שונות,"10,500",0,0
1754000780,"נסיעות רה""ע ומשלחות לחו""ל ","7,200","10,000","10,000"
1754000782,ארוח משלחות ,"17,500","45,000","63,000"
1761000110,משכורת כוללת ,"4,856,300","5,200,000","5,458,000"
1761000111,שכר עובדי השמה ,"99,200","20,000","441,000"
1761000112,שעות כוננות ,"205,100","204,000","374,000"
1761000130,שעות נוספות ,"304,700","300,000","438,000"
1761000210,עבודה זמנית,"3,800",0,0
1761000490,השתת.בתקציבי עזר משרדי הרשות,"219,000","258,000","266,000"
1761000593,השתת בתקציב עזר-מיכון ,"375,200","319,000","368,000"
1761000596,השתת. בת.עזר מוסך ורכב ,"357,400","366,000","380,000"
1761000750,עבודות קבלניות ,"562,500","700,000","575,000"
1762000780,הדבקת מודעות ,"37,600","50,000","50,000"
1764000110,משכורת כוללת ,"1,031,200","1,060,000","907,000"
1764000130,שעות נוספות ,"39,800","50,000","33,000"
1764000210,עבודה זמנית ,0,0,"229,000"
1764000490,השתת.בתקציבי עזר משרדי הרשות,"146,700","171,000","176,000"
1764000562,דואר ,400,"4,000","4,000"
1764000593,השתת בתקציב עזר-מיכון ,"93,800","105,000","112,000"
1764000780,פעולות לתרבות הדיור ,"40,100","42,000","42,000"
1765000780,עובד מצטיין יחידתי,0,"40,000",0
1765000782,אגודות זכויות יוצרים ,"327,000","330,000","330,000"
1765000783,מינהלת גימלאים ,"516,800","520,000","622,000"
1765000785,דמי חבר למרכז השלטון המקו ,"580,700","581,000","596,000"
1765000787,מועצת נשים ,"90,000","90,000","50,000"
1765000788,ועדת בריאות ,"60,400","54,000","54,000"
1765000810,אגודות שונות ,"173,600",0,0
1765000811,תמיכה למוסדות מקומיים ,0,0,0
1765000817,השתת.בעמותת מרכז_תקשורת ,"240,000","100,000","100,000"
1765000840,יד לעמית- סיוע לעובדים ,"149,500","150,000","38,000"
1765000851,מלגות ,"135,000","135,000","220,000"
1767000400,בטוחי רכב ,"1,086,900","1,250,000","1,260,000"
1767000441,ביטוחי מבנים ותכולה ,"3,238,100","3,500,000","3,200,000"
1767000490,השתת.בתקציבי עזר משרדי הרשות,"51,600","59,000","61,000"
1767000593,השתת בתקציב עזר-מיכון ,"47,500","52,000","55,000"
1767000780,בטוח תושבים ואחריות מעביד ,"1,783,100","2,000,000","2,925,000"
1767000781,השתת.עצמית-תביעות תושבים ,"183,400","200,000","200,000"
1768000110,משכורת כוללת ,"1,076,800","1,080,000","1,021,000"
1768000130,שעות נוספות ,"14,800","17,000","5,000"
1768000210,עבודה זמנית,"53,600","30,000",0
1768000420,תיקונים ,"1,400","5,000","5,000"
1768000490,השתת.בתקציבי עזר משרדי הרשות,"72,300","85,000","88,000"
1768000510,כיבוד_ואירועים ,"330,200","385,000","575,000"
1768000561,הדפסות ,"21,100","60,000","60,000"
1768000562,טלפון ,"12,400","20,000","20,000"
1768000580,הוצאות אחרות ,400,"5,000","5,000"
1768000593,השתת בתקציב עזר-מיכון ,"93,800","105,000","112,000"
1768000740,כלים מכשרירים וציוד ,"18,700","10,000","20,000"
1768000781,שכר מרצים ,"1,375,300","1,680,000","1,808,000"
1768000930,רכישת ציוד יסודי ,"10,600","25,000","15,000"
1768000750,עב' קבלניות- נקיון,0,"58,000",0
1769000490,השתת.בתקציבי עזר משרדי הרשות,"194,200","228,000","235,000"
1769000731,דלק-רכבי ליסינג ,"1,223,900","1,300,000","1,250,000"
1769000732,רכבי ליסינג-הוצ. שונות ,0,"50,000","50,000"
1769000735,ליסינג רכב ,"2,127,200","2,370,000","2,350,000"
1769000736,יום האשה,"250,000",0,0
1769000750,שרותים שונים ,"3,015,900","5,000,000","3,000,000"
1769000751,שימור אתרים ,"74,000","68,000","251,000"
1769000752,בית הדפוס ,"87,000","81,000","77,000"
1769000753,שרותים שונים - מותנה,0,0,"1,290,000"
1769000780,בטיחות וגיהות ,"37,300","45,000","257,000"
1769000785,כ.סל נשים-ליגה למקומות עב ,"50,000","50,000","50,000"
1769000786,יועצים מקצועיים ,"498,500","500,000","500,000"
1769100110,משכורת כוללת ,"256,500","270,000","266,000"
1769100490,השתת.בתקציבי עזר משרדי הרשות,"51,600","59,000","61,000"
1769100593,השתת בתקציב עזר-מיכון ,"47,500","52,000","55,000"
1769100780,קהילה ,"261,300","262,000","262,000"
1769100781,פעילות מניעה ליוצאי חבר ה ,"78,000","50,000","50,000"
1769200780,פעולות - קידום נוער ,"579,200","450,000","442,000"
1769200785,קידום נוער בסיכון ,"129,500","130,000","205,000"
1769200810,תמיכות לנוער מנותק ,"30,000",0,0
1769300780,מנהלה איזורית ,"6,200","8,000","8,000"
1769400110,משכורת כוללת ,"604,400","575,000","1,043,000"
1769400130,שעות נוספות ,"19,600","20,000","67,000"
1769400210,עבודה זמנית ,0,"10,000",0
1769400490,השתת.בתקציבי עזר משרדי הרשות,"241,400","272,000","280,000"
1769400562,טלפון ,"16,100","35,000","35,000"
1769400780,פעולות בשכונות ,"1,436,600","1,870,000","1,809,000"
1769401110,משכורת כוללת ,"318,100","325,000","302,000"
1769401112,כוננויות ,200,0,0
1769401130,שעות נוספות ,"19,600","30,000","27,000"
1769402110,משכורת כוללת ,"314,700","325,000","451,000"
1769402130,שעות נוספות ,"15,500","20,000","8,000"
1769500110,משכורת כוללת ,"231,900","727,000","696,000"
1769500130,שעות נוספות ,"5,800","18,000","20,000"
1769500490,השתת.בתקציבי עזר משרדי הרשות,"146,700","171,000","176,000"
1769500750,עבודות קבלניות ,"129,400","150,000","234,000"
1769600110,שכר עבודה ,"26,300","850,000","1,027,000"
1769600112,שעות כוננות ,0,0,"27,000"
1769600130,שעות נוספות ,"3,700","40,000","100,000"
1769600210,עב' זמנית ,"54,500",0,0
1769600750,עיר ללא אלימות-פעילות ,"319,400","1,274,000","1,139,000"
1769600930,עיר ללא אלימות-הצטיידות ,"20,900","1,436,000","1,434,000"
1769700110,שכר עבודה ,0,0,"279,000"
1769800110,שכר עבודה ,0,0,"793,000"
1769800750,עב קבלניות ,0,0,"20,000"
1769900110,שכר עבודה ,0,0,"757,000"
1769900112,שעות כוננות ,0,0,"14,000"
1769900130,שעות נוספות ,0,0,"36,000"
1782000110,משכורת כוללת ,"391,400","390,000","390,000"
1782000130,שעות כוננות ,0,0,"5,000"
1782000593,השתת בתקציב עזר-מיכון ,"93,800","105,000","112,000"
1782000781,השתתפות בהחזקת שופט ,"107,100","300,000","200,000"
1791000110,משכורת כוללת ,"238,800","220,000","266,000"
1811000110,משכורת כוללת ,"9,772,300","9,785,000","11,757,000"
1811000112,שעות כוננות ,"137,300","156,000","200,000"
1811000130,שעות נוספות ,"72,700","90,000","92,000"
1811000210,עבודה זמנית ,"209,600","200,000","229,000"
1811000410,שכר-דירה ,"387,800","400,000","400,000"
1811000490,השתת.בתקציבי עזר משרדי הרשות,"750,000","850,000","876,000"
1811000520,ספרים ועתונים ,0,"1,000","1,000"
1811000550,הסברה ופרסום ,"1,000","1,000","1,000"
1811000561,הדפסות ,900,"2,000","2,000"
1811000580,הוצאות אחרות ,"109,500","110,000","60,000"
1811000593,השתת בתקציב עזר-מיכון ,"375,100","419,000","434,000"
1811000596,השתת. בת.עזר מוסך ורכב ,"920,200","945,000","982,000"
1811000930,רכישת ציוד יסודי ,"27,900","30,000","15,000"
1811060110,משכורת כוללת ,"1,131,500","1,135,000","1,616,000"
1811060410,"שכ""ד",,,"123,000"
1811060490,השתת.בתקציבי עזר משרדי הרשות,"50,000","50,000","52,000"
1811090110,משכורת כוללת ,"2,198,100","2,190,000","2,591,000"
1811090112,שעות כוננות ,0,0,"28,000"
1811090130,שעות נוספות ,"49,100","50,000","71,000"
1811090410,שכר-דירה ,"49,400","51,000","51,000"
1811090490,השתת.בתקציבי עזר משרדי הרשות,"73,000","85,000","88,000"
1811132420,שיפוצי קיץ ,"59,300",0,0
1811132752,"חנ""מ משולב ","577,500","400,000","400,000"
1811132781,"השתת. מוס""ח -נהרי ","8,158,000","5,220,000","5,500,000"
1811152810,השתתפות במוסדות,"12,500",0,0
1812100110,משכורת כוללת ,"2,397,000","2,370,000","2,880,000"
1812100112,כוננות ,0,0,"24,000"
1812100130,שעות נוספות ,"47,300","155,000","120,000"
1812100410,שכר-דירה ,"119,900","122,000","122,000"
1812100490,השתת.בתקציבי עזר משרדי הרשות,"121,900","143,000","147,000"
1812100593,השתת בתקציב עזר-מיכון ,"140,100","157,000","167,000"
1812200110,משכורת כוללת ,"44,854,200","49,500,000","64,100,000"
1812200130,שעות נוספות,"7,200",0,0
1812200210,עבודה זמנית ,"2,696,500","3,200,000","2,000,000"
1812200410,שכר דירה ודמי חכירה ,"223,000","230,000","237,000"
1812200420,"אחזקת מבנים-גנ""י ","850,600","1,000,000",0
1812200490,השתת.בתקציבי עזר משרדי הרשות,"3,550,000","3,630,000","3,739,000"
1812200561,הדפסות ,"141,700","150,000","150,000"
1812200562,טלפון ,"304,500","350,000","370,000"
1812200593,השתת בתקציב עזר-מיכון ,"235,000","262,000","279,000"
1812200710,הובלה וסבלות ,"4,500","60,000","10,000"
1812200720,חומרים להזנה מלאכה וכו' ,"9,099,000","9,700,000","9,700,000"
1812200721,רכישת ספרים ,"6,700","7,000","7,000"
1812200740,כלים מכשירים וציוד ,"5,700","10,000","10,000"
1812200741,החזקת ציוד ,400,"2,000","2,000"
1812200780,הוצאות אחרות_וחינוך תורני ,"435,800","150,000","150,000"
1812200781,"תל""ן הורים ","1,843,800","3,200,000","3,200,000"
1812200782,רכישת מתקני חצר ,"43,400","50,000","50,000"
1812200786,קנית חומרים לחינוך מיוחד ,"20,000","20,000","20,000"
1812200787,השתת.בשכר גננות-ממשלה ,"33,089,000","32,000,000","36,000,000"
1812200788,השתת.בגננות-כנגד הכנסה ,"13,190,000","13,200,000","13,200,000"
1812200930,רכישת ציוד יסודי ,"1,406,700","200,000","200,000"
1812200931,הצטיידות גנים חדשים ,"14,200","50,000","25,000"
1812400781,השתת. במרכז לגיל הרך ,"160,000","200,000","50,000"
1812400783,טיפוח פדגוגי ,"899,000","300,000","300,000"
1812500210,עבודה זמנית ,"535,400","800,000","700,000"
1812500211,"עב' זמנית- עובדי כ""א ","123,300","150,000","150,000"
1812500720,חמרי הזנה ונקיון ,"180,900","210,000","210,000"
1812500780,הוצאות אחרות_וטפוח יוזמות ,"24,000","24,000","24,000"
1812600110,משכורת כוללת ,"11,427,600","11,900,000","12,156,000"
1812600210,עבודה זמנית ,"39,200","60,000","70,000"
1812600720,חמרים והזנה-ח. מיוחד ,"1,520,900","1,650,000","1,250,000"
1812600780,אחזקת ילדים חריגים ,"132,000","120,000","120,000"
1812600781,"מרכז טיפולי במעון אקי""ם ","80,100","80,000","100,000"
1812600783,"יוזמות חינוכיות- גנ""י ח.מיוח","454,300","400,000","400,000"
1812600930,"רכישת ציוד יסודי-גנ""י ח.מ ","165,400","150,000","75,000"
1813200110,משכורת כוללת ,"31,359,600","35,000,000","35,840,000"
1813200130,שעות נוספות ,"153,600","175,000","100,000"
1813200210,ע.ז. מעבירי כבישים ,"1,109,400","1,100,000","1,280,000"
1813200410,שכר דירה דמי חכירה ,"49,400","51,000","51,000"
1813200420,תיקונים ,"1,980,900","1,905,000",0
1813200425,שיפוצים-אופק חדש,"73,800",0,0
1813200431,חשמל ,"3,844,000","4,000,000","3,500,000"
1813200490,השתת.בתקציבי עזר משרדי הרשות,"2,350,000","2,400,000","2,572,000"
1813200520,תנך לבוגרי כיתות ו,"49,600","53,000","60,000"
1813200561,מכשירי כתיבה והדפסות ,"20,900","25,000","35,000"
1813200580,הוצאות אחרות-כללי ,"36,000","36,000","18,000"
1813200581,פיתוח חינוכי ,"39,400","144,000","132,000"
1813200582,"הוצאות אחרות-ממ""ד ","150,000","250,000","250,000"
1813200583,"הוצ.עבור בי""ח גהה-כנגד הכ ","991,200","914,000","1,000,000"
1813200584,"הוצ. לבי""ח שנידר-כנגד הכנ ","620,300","594,000","700,000"
1813200585,אח רפואי ,"238,600","240,000","240,000"
1813200586,"בי""ס של החופש הגדול ","2,604,100",0,0
1813200593,השתת בתקציב עזר-מיכון ,"187,600","210,000","224,000"
1813200720,דמי שכפול-מ. החינוך ,"58,200","100,000","100,000"
1813200721,"הזנה-בתי""ס מיוחדים ","1,828,900","1,200,000","1,500,000"
1813200722,חמרי מלאכה-מ. החינוך ,"5,700","100,000","100,000"
1813200750,עבודות קבלניות-נקיון ,"7,939,300","8,500,000","7,950,000"
1813200782,הוראה מסיעת ,"77,000","77,000","77,000"
1813200783,ציוד הבטחה ועזרה ראשונה ,"5,200","6,000","6,000"
1813200785,סל תלמיד לעולה-מ.החינוך ,"303,200","200,000",0
1813200786,חינוך תורני ,"327,900","350,000","350,000"
1813200787,טפוח יוזמות ,"2,482,800","970,000","970,000"
1813200788,ספרים למ.יכולת ,"100,000","100,000","100,000"
1813200789,"מיגון בי""ס יסודיים ","2,000","7,000","7,000"
1813200840,שעורי עזר ,"93,500","145,000","165,000"
1813200930,רכישת רהוט וציוד יסודי ,"956,900","100,000","150,000"
1813200935,נהול עצמי ,"5,679,800","7,300,000","7,800,000"
1813210210,עבודה זמנית-מועדוניות ,"72,000","80,000","100,000"
1813210211,"עב' זמנית במועדוניות-חברת כ""","42,900","60,000","60,000"
1813210720,הזנה מועדוניות ,"304,200","330,000","330,000"
1813220210,"עבודה זמנית-תל""ן ","3,493,100","3,200,000","3,200,000"
1813221210,"תל""ן ממ""ד כ""ג-הכנ.הורים ","17,200",0,0
1813222210,עב. זמנית-ביס של החופש הגדול,"1,002,300",0,0
1813223210,"תל""ן מעלות חיים-הכנ.הורים ",0,0,0
1813224210,"תל""ן-ממ""ד נווה אברהם-הכנ.הור","59,500",0,0
1813225210,"תל""ן מורשה אקדמי-הכנ.הורים ","97,600",0,0
1813226210,"תל""ן-מורשה- הכנסות הורים ","220,200",0,0
1813260110,משכורת כוללת ,"7,199,700","7,280,000","8,088,000"
1813260130,שעות נוספות ,"191,300","185,000","70,000"
1813260210,עבודה זמנית ,"23,100","80,000","60,000"
1813260420,הנגשת ליקויי שמיעה ,"106,500",0,0
1813260562,טלפון ,"52,200","60,000","60,000"
1813260580,הוצאות אחרות ,"83,500","60,000","37,000"
1813260741,אחזקת ציוד ,"27,000","30,000","30,000"
1813260750,שרותי פסיכיאטריה ,"130,000","120,000","120,000"
1813260780,הקצבות לניהול עצמי ,"300,000","360,000","390,000"
1813260781,יוזמות חינוכיות ,"507,600","394,000","450,000"
1813260930,ציוד יסודי בחינוך מיוחד ,"443,400","100,000","50,000"
1813260932,הנגשת לקויי שמיעה-ציוד ,"368,100",0,0
1813261210,עב. זמנית מועדוניות- אלונים,0,"100,000","100,000"
1813262210,עב. זמנית - מועדון חברים פתו,0,"100,000",0
1813290110,משכורת כוללת ,"2,557,500","2,450,000","3,421,000"
1813290130,שעות נוספות ,"7,000","8,000",0
1813290210,עבודה זמנית ,"20,100","30,000",0
1813290410,"שכ""ד-נהרי","571,500",0,0
1813290710,"הסעות חנ""מ ","1,075,300","1,500,000","1,800,000"
1813290751,חינוך מיוחד ,"643,200","470,000","580,000"
1813290752,שרתים ומזכירים,"380,000",0,0
1813290780,פעולות לעולי אתיופיה ,"90,200","90,000","90,000"
1813290781,"השתת. מוס""ח-נהרי ","4,282,800","3,130,000","3,900,000"
1813290782,"אג""ח - נהרי ","100,000","100,000","100,000"
1813290783,"אג""ח חנ""מ פ""ת-חרדי ","307,100","500,000","600,000"
1813290785,"הוצאות בי""ס פסגות ","379,700","380,000","380,000"
1813700110,משכורת כוללת ,"255,300","260,000","270,000"
1813700410,"שכ""ד ודמי חכירה ","230,000","230,000","230,000"
1813700420,תקונים ,"10,400","8,000","8,000"
1813700423,בדק בית קטן ובינוני ,0,"1,000","1,000"
1813700562,טלפון ,"5,300","20,000","12,000"
1813700740,כלים מכשירים וציוד ,"37,100","40,000","40,000"
1813700750,ניקיון בחווה החקלאית ,"83,700","75,000","57,000"
1813700751,הסעות לחווה החקלאית ,"349,100","400,000","441,000"
1813700781,חריש זבול זרעים ,"76,500","70,000","80,000"
1813900210,מלווים בחינוך המיוחד ,"93,000","125,000","125,000"
1813900211,"מ""מ סייעות ח.מ-חברות כ""א ","277,800","500,000","350,000"
1813900780,החזקת ילדים בעלי צרכים מיוחד,"4,700,000","4,800,000","4,800,000"
1813900781,אגרות חינוך ,"1,000,000","1,000,000","1,000,000"
1813910210,"סייעות מ""מ-עב' זמנית ","116,800","150,000","180,000"
1814000110,משכורת כוללת ,"10,292,300","10,700,000","11,400,000"
1814000130,שעות נוספות ,"38,500","50,000","40,000"
1814000210,עבודה זמנית ,"145,100","150,000","180,000"
1814000410,שכירות ישיבת כפר גנים ,"500,000","900,000","900,000"
1814000420,תקונים ,"343,700","350,000",0
1814000431,חשמל ,"1,099,400","1,500,000","1,220,000"
1814000450,רהוט ואחזקתו ,"1,000","1,000","1,000"
1814000480,ספרים למיעוטי יכולת ,"45,000","50,000","50,000"
1814000490,השתת.בתקציבי עזר משרדי הרשות,"480,000","480,000","495,000"
1814000561,מכשירי כתיבה והדפסות ,400,"1,000","1,000"
1814000562,טלפון ,"179,900","180,000","200,000"
1814000593,השתת בתקציב עזר-מיכון ,"47,500","52,000","55,000"
1814000722,חמרי מלאכה-מ.החינוך ,"319,400","282,000","282,000"
1814000740,כלים מכשירים וציוד ,"11,600","12,000","12,000"
1814000741,אחזקת ציוד ,"4,000","4,000","4,000"
1814000742,ציוד ספורט ,"5,000","6,000","6,000"
1814000750,עבודות קבלניות נקיון ,"2,847,000","3,300,000","2,860,000"
1814000780,הוצאות אחרות-הקצבה חודשית ,"370,000","500,000","525,000"
1814000781,הוצאות אשכול פיס ,"10,000","15,000","15,000"
1814000782,דמי שכפול-מ. החינוך ,"51,700","100,000","100,000"
1814000783,ציוד אבטחה ועזרה ראשונה ,"2,000","2,000","2,000"
1814000784,הוראה מסייעת ,"40,600","45,000","45,000"
1814000785,תגבור תלמידים מתקשים ,"130,700","135,000","133,000"
1814000786,אולפן עולים ,"2,000","2,000","2,000"
1814000787,"השתתפות בבי""ס אמ""ית ","1,750,000","1,750,000","2,650,000"
1814000788,השתתפות באולפנת רעות ,"30,500",0,0
1814000789,חינוך תורני ,"32,800","45,000","45,000"
1814000790,אולפנת הדר גנים,0,0,"1,100,000"
1814000840,שעורי עזר ,"73,000","96,000","96,000"
1814000930,רכישת ציוד וריהוט יסודי ,"300,700","100,000","100,000"
1814100210,יוזמות חינוכיות-על יסודי ,"1,503,600","1,500,000","1,400,000"
1814200210,עבודה זמנית-מנע כנגד הבנס ,"317,000","100,000","100,000"
1814600110,משכורת כוללת ,"2,890,400","2,990,000","3,871,000"
1814600130,שעות נוספות ,"180,800","225,000","100,000"
1814700750,"אחז. בי""ס לשגרירים צעירים ","13,900","25,000","25,000"
1814700780,טפול באלימות ושרותי קהילה ,"211,900","180,000","154,000"
1814700781,"בי""ס לשגרירים צעירים ","97,900","100,000","200,000"
1814700782,"תזמורות בביה""ס ","2,000","2,000","2,000"
1814700785,פעולות וארועים מיוחדים ,"121,200","85,000","85,000"
1815200110,משכורת כוללת ,"92,076,900","98,000,000","104,300,000"
1815200130,שעות נוספות ,"23,100","25,000","30,000"
1815200210,עבודה זמנית ,"95,100","50,000","50,000"
1815200410,"החזר שכ""ד חדרים וקיוסקים ","2,283,600","2,000,000","2,000,000"
1815200411,שכר-דירה ,"59,900","61,000","61,000"
1815200420,תקונים ,"732,500","600,000","700,000"
1815200421,שיפוצים למוסדות חוץ ,"64,400",0,0
1815200423,שיפוצים-הנגשה,"260,200",0,0
1815200431,חשמל ,"1,774,200","2,000,000","1,600,000"
1815200450,רהוט והחזקתו ,"5,000","5,000","5,000"
1815200480,ספרים למעוטי יכולת ,"27,000","30,000","30,000"
1815200490,השתת.בתקציבי עזר משרדי הרשות,"850,000","900,000","927,000"
1815200520,שי לבוגרים ,"74,600","85,000","85,000"
1815200561,מכשירי כתיבה והדפסות ,"13,100","20,000","25,000"
1815200562,טלפון בולים ומברקים ,"120,000","120,000","120,000"
1815200580,הוצאות אחרות ,"97,700","50,000","50,000"
1815200582,הקצבות מ.החינוך-יהדות ,0,0,"350,000"
1815200593,השתת בתקציב עזר-מיכון ,"47,500","52,000","55,000"
1815200721,דמי שכפול-מ. החינוך ,"42,300","80,000","80,000"
1815200722,חמרי מלאכה-מ.החינוך ,"204,100","232,000","232,000"
1815200740,כלים מכשירים וציוד ,"13,000","16,000","16,000"
1815200741,החזקת ציוד ,"28,100","15,000","15,000"
1815200742,ציוד ספורט ,"5,000","5,000","5,000"
1815200743,נבחרות ספורט ,0,"25,000","25,000"
1815200744,ציוד הבטחה ועזרה ראשונה ,"3,000","3,000","3,000"
1815200745,החזקת ציוד ומחשבים ,"2,191,500","2,186,000","1,747,000"
1815200750,עבודות קבלניות-נקיון בבת ,"1,508,700","1,600,000","1,530,000"
1815200780,הוצאות אחרות-הקצבות חדשי ,"257,300","385,000","420,000"
1815200781,מחוננים-כנגד הכנסה ,"78,800","100,000","100,000"
1815200783,פעולות מניעה-סמים ,"264,400","283,000","300,000"
1815200784,החזרי בחינות בגרות ,"23,800",0,0
1815200785,טיפוח יוזמות פדגוגיות ,"2,553,400","2,500,000","2,500,000"
1815200786,פעולות חברה ,"18,000","18,000","18,000"
1815200787,שותפות עם בי'ס עמל ,"1,600,000","1,600,000","1,695,000"
1815200788,מגמות רדיו ותקשורת ,"50,000","50,000","50,000"
1815200789,חינוך תורני ,"15,000","15,000","15,000"
1815200790,"חוזה נעמ""ת ",0,0,"124,000"
1815200791,ישיבת צביה למרחב,0,0,"675,000"
1815200840,שעורי עזר ,"18,600","20,000","20,000"
1815200841,סיוע לטעוני טיפוח ,"50,000","50,000","48,000"
1815200842,השת.במשלחות נוער ,"10,000","15,000","15,000"
1815200843,משלחות לפולין ,"166,700","200,000","200,000"
1815200930,רכישת ציוד ורהוט יסודי ,"588,900","100,000","50,000"
1815200933,עוז לתמורה ,"39,500","300,000","200,000"
1815210210,"עבודה זמנית-מנ""ע ","379,900","100,000","100,000"
1815260110,משכורת כוללת ,"858,300","905,000","905,000"
1815500110,משכורת כוללת ,"6,751,900","6,825,000","6,780,000"
1815500112,כוננויות ,"15,900","22,000","50,000"
1815500130,שעות נוספות ,"119,800","125,000","125,000"
1815500210,עבודה זמנית ,"30,800",0,0
1815500420,תיקוני מבנה וציוד ,"24,800","32,000","32,000"
1815500490,השתת.בתקציבי עזר משרדי הרשות,"200,000","230,000","237,000"
1815500561,"פרסום,הדפסות,ציוד משרדי ","25,000","50,000","50,000"
1815500562,טלפון ,"18,300","21,000","21,000"
1815500580,הוצאות אחרות ,"74,500","30,000","15,000"
1815500593,השתת. בתקציבי עזר מיכון,"141,200","157,000","167,000"
1815500741,כלי נגינה ואחזקה-נגד הכנס ,"27,200","28,000","28,000"
1815500750,עב.קבלניות-נקיון וגינון ,"5,000","20,000","15,000"
1815500751,עב. קבלניות-שמירה )נגד הכ ,"101,900","120,000","140,000"
1815500782,פעולות תרבות-נגד הכנסה ,"21,000","22,000","22,000"
1815500783,מועדון מוסיקלי-נגד הכנסה ,"170,000","170,000","200,000"
1815500785,חילופי משלחות ,"9,000","9,000","9,000"
1815500787,יוזמות- נגד הכנסה ,"25,400","30,000","30,000"
1815500788,רכישת תווים ,0,"20,000","20,000"
1815500789,תזמורות ,"374,700","400,000","400,000"
1815500850,מלגות-כנגד הכנסה ,"40,000","40,000","40,000"
1815500930,רכישת ציוד יסודי ,"192,300","70,000","42,000"
1816000110,משכורת כוללת ,"769,900","750,000","913,000"
1816000130,שעות נוספות ,"2,100","4,000",0
1816000211,"עבודה זמנית-עובדי חברת כ""א ",0,"10,000",0
1816000490,השתת.בתקציבי עזר משרדי הרשות,"72,600","85,000","88,000"
1816000550,פרסום ,"150,700","160,000","160,000"
1816000562,טלפון ,"4,200","50,000","50,000"
1816000580,שונות ,"155,500","230,000","228,000"
1816000930,רכישת ציוד יסודי ,"9,500","10,000","5,000"
1816410810,כולל תורני ,"373,000",0,0
1816410812,ישיבה גבוהה-תורני ,"237,100",0,0
1816420810,כולל חרדי ,"319,300",0,0
1816420812,ישיבה גבוהה-חרדי ,"431,600",0,0
1817100750,שמירה-עבודות קבלניות ,"14,593,400","16,000,000","16,000,000"
1817100751,שמירה עבודות קבלניות - מותנה,0,0,"1,500,000"
1817200110,משכורת כוללת ,"1,406,800","1,445,000","1,393,000"
1817200430,מאור חמום מים וחמרי נקיו,"38,000","40,000",0
1817200450,רהוט והחזקתו ,"5,000","5,000","5,000"
1817200490,השתת.בתקציבי עזר משרדי הרשות,"400,000","409,000","422,000"
1817200510,כבוד ,"10,000","10,000","10,000"
1817200520,ספרים ועתונים ,"1,000","1,000","1,000"
1817200561,מכשירי כתיבה והדפסות ,"1,000","10,000","10,000"
1817200562,טלפון ,"11,900","42,000","42,000"
1817200740,כלים מכשירים וציוד ,"8,000","8,000","8,000"
1817200741,מכונות משרד ואחזקתן ,0,"2,000","2,000"
1817200750,עבודות קבלניות נקיון ,"41,200","80,000","150,000"
1817200780,הוצאות אחרות-הקצבות ,"47,300","15,000","30,000"
1817210420,תיקונים ,0,"5,000","5,000"
1817210580,הוצאות אחרות ,"36,100","33,000","17,000"
1817210750,פרויקט מחשב לכל ילד ,"256,800","257,000","330,000"
1817210781,ישומי מחשב-כנגד הכנסה ,0,"35,000","35,000"
1817210783,הערכה ובקרה ,"3,100","4,000","4,000"
1817210930,ציוד וריהוט מחשבים,"112,200",0,0
1817300110,משכורת כוללת ,"7,706,600","8,115,000","9,479,000"
1817300112,שעות כוננות ,"202,700","180,000","280,000"
1817300130,שעות נוספות ,"2,500","20,000","10,000"
1817300210,עבודה זמנית,"19,400",0,0
1817300420,תקונים ,0,"10,000","10,000"
1817300450,רהוט והחזקתו ,200,"5,000","5,000"
1817300490,השתת.בתקציבי עזר משרדי הרשות,"1,400,000","1,450,000","1,494,000"
1817300520,ספרים ועתונים ,0,"5,000","5,000"
1817300561,מכשירי כתיבה והדפסות ,500,"5,000","5,000"
1817300562,טלפון בולים ,"29,600","45,000","50,000"
1817300593,השתת בתקציב עזר-מיכון ,"141,200","157,000","167,000"
1817300750,"ניקיון, שרותי בריאות ","93,100","100,000","100,000"
1817300780,הוצאות אחרות ,"47,200","45,000","50,000"
1817300781,השתלמויות מקצועיות ,"105,400","100,000","100,000"
1817500780,ביטוח תלמידים ,"1,516,300","1,584,000","1,560,000"
1817600110,משכורת כוללת ,"1,655,800","1,675,000","1,924,000"
1817600130,שעות נוספות ,"10,300","15,000","10,000"
1817600210,עבודה זמנית ,"559,500","550,000","500,000"
1817600410,שכר-דירה ,"38,800","40,000","40,000"
1817600490,השתת.בתקציבי עזר משרדי הרשות,"72,300","85,000","88,000"
1817600593,השתת בתקציב עזר-מיכון ,"93,800","105,000","112,000"
1817600780,פרויקט כישורי למידה ,"662,900","930,000","700,000"
1817600781,"סל תרבות גנ""י-כנגד הכנסה","631,700","750,000","800,000"
1817600784,הגיל הרך ,"4,800","5,000","5,000"
1817600785,חנוך יסודי ,"80,700","88,000","88,000"
1817600786,נוער ,"43,400","44,000","44,000"
1817600787,חנוך מבוגרים וקהילה ,"10,000","10,000","15,000"
1817600930,רכישת ציוד יסודי ,"46,000","50,000","50,000"
1817610780,"פרויקט מב""ר",0,"2,000",0
1817620210,"עבודה זמנית-בי""ס מנגן ","457,800","720,000","720,000"
1817620782,"תפעול ביה""ס המנגן ","80,000","80,000","80,000"
1817620783,פרוייקט יישובי ,"141,700","155,000","155,000"
1817621210,פרויקט יישובי-עבודה זמנית ,"979,000","892,000","892,000"
1817630210,"תל""ן לעולי אתיופיה ","2,343,200","2,600,000","2,500,000"
1817630780,פעולות לעולי אתיופיה ,"2,073,600","2,074,000","2,774,000"
1817630781,"בתי""ס מוכר שאינו רשמי ","400,000","400,000","400,000"
1817630782,תרבות תורנית עולי אתיופיה ,"49,900","80,000","80,000"
1817650110,משכורת כוללת ,"1,778,500","1,900,000","2,460,000"
1817650112,שעות כוננות ,"46,700","36,000","36,000"
1817650130,שעות נוספות ,"7,800","10,000","10,000"
1817650210,עבודה זמנית ,"1,310,300","1,500,000","1,800,000"
1817650780,הוצ מרכז יעוץ וקידום נוער ,"660,400","800,000","770,000"
1817650781,תכנית עצמה ,"140,000","140,000","140,000"
1817660110,משכורת כוללת ,"1,677,200","1,805,000",0
1817660410,שכר דירה ,"120,200","130,000",0
1817660780,פעולות שונות,"195,600","217,000",0
1817700110,משכורת כוללת ,"2,716,000","2,705,000","3,075,000"
1817700112,שעות כוננות ,"80,000","100,000","85,000"
1817700130,ש. נוספות-בקור סדיר ,"9,500","10,000","15,000"
1817700410,שכר דירה ,"223,000","230,000","237,000"
1817700490,השתת.בתקציבי עזר משרדי הרשות,"300,000","317,000","327,000"
1817700510,נסיעות ואשל ,0,"2,000",0
1817700580,הוצאות אחרות ,"2,600","5,000","5,000"
1817700593,השתת בתקציב עזר-מיכון ,"141,200","157,000","167,000"
1817700930,רכישת ציוד יסודי ,0,"10,000","5,000"
1817800710,"הסעות- בתי""ס יסודיים ","4,873,000","4,800,000","4,000,000"
1817800711,"הסעת תלמידים לגנ""י ","3,569,100","4,400,000","4,200,000"
1817800712,"הסעות- חט""ב ותיכונים ","3,693,100","4,300,000","3,470,000"
1817800713,הסעת תלמידים חינוך מיוחד ,"18,466,400","21,000,000","18,200,000"
1817800714,הסעות תלמידים עולי אתיופי ,"2,157,000","2,300,000","2,300,000"
1817800780,תשלום כרטיסיות לתל' זכאים ,"66,300","100,000","100,000"
1817800781,הוצ'נסיעה לתלמידים נזקקים ,0,"50,000","50,000"
1817900780,פרוייקט זהות יהודית ,"242,000","300,000","300,000"
1818000110,משכורת כוללת ,"763,900","1,030,000","1,106,000"
1818000130,שעות נוספות ,0,0,"16,000"
1818000490,השתת.בתקציבי עזר משרדי הרשות,"280,000","300,000","309,000"
1818000580,הוצאות אחרות ,"1,000","1,000","1,000"
1818000593,השתת בתקציב עזר-מיכון ,"187,600","210,000","224,000"
1818100110,משכורת כוללת ,"537,600","310,000","414,000"
1818100210,עבודה זמנית ,"14,500",0,"25,000"
1818100781,פעולות תרבות ,"11,600","12,000","18,000"
1818200110,משכורת כוללת ,"680,800","645,000","720,000"
1818200130,שעות נוספות,"14,300","20,000",0
1818200420,תקונים ,"2,700","3,000","2,000"
1818200490,השתת.בתקציבי עזר משרדי הרשות,"49,600","59,000","61,000"
1818200561,מכשירי כתיבה והדפסות ,"45,900","46,000","54,000"
1818200562,טלפון-קתדרה עממית ,"3,700","5,000","5,000"
1818200580,הוצאות אחרות ,"1,000","1,000","1,000"
1818200593,השתת בתקציב עזר-מיכון ,"141,200","157,000","167,000"
1818200782,פעולות תרבות והרצאות ,"214,700","180,000","150,000"
1818200930,רכישת ציוד יסודי ,"4,900","3,000","1,000"
1818300110,משכורת כוללת,"19,700",0,0
1818400110,משכורת כוללת ,"297,200","310,000","321,000"
1818400420,תיקונים ,"2,200","3,000","2,000"
1818400580,הוצאות שונות ,"1,000","1,000","1,000"
1818400782,פעולות תרבות ,"214,500","215,000","200,000"
1818400930,רכישת ציוד יסודי ,"5,400","6,000","1,000"
1818500782,פעולות תרבות ,"560,000","550,000","640,000"
1819100110,משכורת כוללת ,"2,816,900","2,820,000","2,884,000"
1819100112,כוננות ,"23,800","24,000","26,000"
1819100410,שכר-דירה ,"330,400","340,000","335,000"
1819100490,השתת.בתקציבי עזר משרדי הרשות,"700,000","716,000","737,000"
1819100562,טלפון ,"22,600","40,000","40,000"
1819100593,השתת בתקציב עזר-מיכון ,"187,600","210,000","224,000"
1819100780,הוצאות אחרות ,"24,500","29,000","29,000"
1819100930,רכישת ציוד יסודי ,"14,600","10,000","5,000"
1819200110,משכורת כוללת ,"696,300","710,000","724,000"
1819200130,שעות נוספות,"2,400",0,0
1819300110,משכורת כוללת ,"2,743,600","2,835,000","3,256,000"
1819300130,שעות נוספות,"13,700",0,0
1819300210,"עבודה זמנית-מ""מ סיעות ",0,0,"57,000"
1819300421,שיפוצי קיץ ,"142,900",0,0
1819300710,"הסעות חנ""מ ","3,018,000","3,700,000","3,500,000"
1819300751,"חנ""מ משולב ","1,220,000","800,000","700,000"
1819300752,הוצאות שרתים ומזכירות ,"2,493,300","1,950,000","1,950,000"
1819300780,פעולות לעולי אתיופיה ,"452,200","453,000","452,000"
1819300781,הוצאות אחרות ,"9,987,600","5,950,000","6,800,000"
1819300782,"אג""ח חנ""מ ","500,000","500,000","500,000"
1819300783,"אג""ח חנ""מ פ""ת-תורני ","741,900","800,000","800,000"
1821000110,משכורת כוללת ,"2,889,500","2,700,000","3,521,000"
1821000112,שעות כוננות ,"107,500","117,000","79,000"
1821000130,שעות נוספות ,"89,100","88,000","120,000"
1821000410,שכירות בית האיכר ,"99,500","101,000","104,000"
1821000490,השתת.בתקציבי עזר משרדי הרשות,"353,200","373,000","384,000"
1821000580,הוצאות אחרות ,"76,700","80,000","30,000"
1821000593,השתת בתקציב עזר מיכון ,"187,600","210,000","224,000"
1822000561,הדפסות ,"69,900","63,000","54,000"
1822000780,חוגים ומופעים-גופים מבצעי ,"164,500","165,000","182,000"
1822000781,חוגים ומופעים-פעולות תרבות,"592,300","600,000","510,000"
1822000783,חקר השואה ,"98,400","90,000","180,000"
1822000784,פעולות בית שפירא,"4,000",0,0
1822000789,השת' בפעול.תרבות בשכונות,"9,600",0,0
1823000110,משכורת כוללת ,"5,081,100","6,000,000","5,391,000"
1823000130,שעות נוספות ,900,"8,000","12,000"
1823000210,עבודה זמנית ,0,0,"30,000"
1823000420,תקונים ,"48,700","33,000","30,000"
1823000450,רהוט והחזקתו ,"20,000","18,000","15,000"
1823000490,השתת.בתקציבי עזר משרדי הרשות,"400,000","450,000","464,000"
1823000561,הדפסות ,"9,100","9,000","8,000"
1823000580,הוצאות אחרות ,"30,700","27,000","13,000"
1823000593,השתת בתקציב עזר מיכון ,"281,400","314,000","335,000"
1823000710,הובלה-סבלות ,"9,800","22,000","19,000"
1823000740,כלים מכשירים וציוד ,"5,000","3,000","2,000"
1823000780,הצטיידות ופעילות-הקצ.מ.התרבו,"1,672,000","1,500,000","1,500,000"
1823000781,ספרים ועתונים ,"228,600","270,000","130,000"
1823000783,פעולות תרבות במסגרת ,"54,600","200,000","130,000"
1824000110,משכורת כוללת ,"1,445,800","1,420,000","1,479,000"
1824000130,שעות נוספות ,"154,200","175,000","179,000"
1824000432,מים ,"1,206,200","1,210,000","400,000"
1824000490,העמסת תקציבי עזר משרדי הרשות,"350,000","350,000","361,000"
1824000750,גינון ,"5,000","10,000","10,000"
1824000751,פעולות מתנס שערים ,"1,271,100","1,380,000","1,354,000"
1824000780,אירועים במתנסים,"122,000","130,000",0
1824000781,פעולות במתנסים,"50,000","50,000",0
1824000782,מתנס בית לזרוס ,"1,241,600","1,250,000","1,565,000"
1824000783,"מתנ""ס הדר המושבות ","300,000","300,000","300,000"
1824000784,בית חוגים ,"360,000","360,000","360,000"
1824000785,פרויקט עצמאות-גוינט ,"200,000","200,000","200,000"
1824000787,"מתנ""ס מאור יהודה ","333,300","500,000","750,000"
1824000811,מתנ'ס יוספטל ,"1,006,500","1,250,000","1,131,000"
1824000812,מתנ'ס מטלון ,"170,000","420,000","420,000"
1824000813,מתנ'ס עמישב ,"467,300","660,000","567,000"
1824000814,"מתנ""ס רמת ורבר ","587,300","815,000","815,000"
1824000815,"מתנ""ס אחדות ","520,000","620,000","620,000"
1824000817,"מתנ""ס כפר גנים ","740,000","740,000","740,000"
1824000818,מתנס נפלאות ,"377,400","385,000","385,000"
1824000819,מתנס בן חור ונוה גן ,"500,000","500,000","500,000"
1824000820,מתנס צעירים סגולה ,"550,000","650,000","750,000"
1824000821,מועדון ברבי עקיבא,0,0,"200,000"
1824000932,רכישת ציוד יסודי-בית לזרוס ,0,0,"7,000"
1826100110,משכורת כוללת ,"422,500","390,000","413,000"
1826100112,כוננויות ,"20,600","24,000","21,000"
1826100130,שעות נוספות ,"83,500","93,000","80,000"
1826100211,"עבודה זמנית-חברת כ""א ","13,100","21,000",0
1826100420,תיקונים ,"20,000","20,000","18,000"
1826100490,העמסת תקציבי עזר משרדי הרשות,"49,600","59,000","61,000"
1826100580,הוצאות אחרות ,"6,300","8,000","4,000"
1826100741,אחזקת ציוד ,"59,700","50,000","42,000"
1826210110,משכורת כוללת ,"3,539,400","3,805,000","3,919,000"
1826210112,שעות כוננות ,"16,800","15,000","18,000"
1826210130,שעות נוספות ,"129,500","154,000","268,000"
1826210420,תקונים ושפוצים ,"119,800","120,000","90,000"
1826210421,אחזקה ושימור ,"119,000","35,000","30,000"
1826210430,ציוד חשמלי ,"31,700","45,000","45,000"
1826210490,העמסת תקציבי עזר משרדי הרשות,"146,700","171,000","176,000"
1826210520,ספרים ועתונים ,"2,800","3,000","2,000"
1826210550,פרסום ,"100,000","100,000","100,000"
1826210561,מכשירי כתיבה והדפסות ,"4,400","5,000","5,000"
1826210562,טלפון ,"19,300","19,000","19,000"
1826210580,הוצאות אחרות ,"67,700","60,000","30,000"
1826210593,השתת בתקציב עזר-מיכון ,"375,200","369,000","447,000"
1826210740,כלים מכשירים וציוד ,"130,100","120,000","70,000"
1826210750,קבלניות נקיון ושמירה ,"294,000","280,000","280,000"
1826210780,פעולות תרבות ואומנות ,"1,505,900","1,100,000","1,000,000"
1826210781,פעולות הנצחה_ומורשת ,"36,000","38,000","35,000"
1826210782,ארכיון יד-לבנים ,"14,900","45,000","25,000"
1826210783,אודיטוריום יד -לבנים ,"5,000","5,000","5,000"
1826210784,הוצאות חוגים-כנגד הכנסות ,"69,600","42,000","42,000"
1826220420,תיקונים-בית שפירא ,0,"8,000","8,000"
1826220580,הוצ.שונות-בית שפירא ,"26,700","1,000","7,000"
1826220780,פעולות ,"157,800","172,000","172,000"
1826230110,משכורת כוללת ,"1,151,200","1,160,000","1,126,000"
1826230130,שעות נוספות ,"71,700","80,000","91,000"
1826230210,עבודה זמנית ,"19,500","20,000",0
1826230420,תקונים ,"88,200","8,000","5,000"
1826230490,העמסת תקציבי עזר משרדי הרשות,"72,300","85,000","88,000"
1826230520,פרסום ועתונים ,"13,900","15,000","5,000"
1826230562,בולים טלפון ומברקים ,"1,400","8,000","8,000"
1826230580,הוצאות אחרות ,"29,500","30,000","8,000"
1826230593,השתת בתקציב עזר-מיכון ,"187,600","210,000","224,000"
1826230740,כלים מכשירים וציוד ,"31,700","20,000","20,000"
1826230751,עב.קבלניות - ניקיון ואבטחה ,"31,200","40,000","40,000"
1826230780,יעוץ והדרכה ,0,"3,000","1,000"
1826230782,הוצ' חוגים-כנגד הכנסה ,"84,300","36,000","36,000"
1826230783,תערוכות שונות ,"353,300","200,000","200,000"
1826240780,פעילות בית יהודי תימן ,"19,900","20,000","18,000"
1826500110,משכורת כוללת ,"699,900","690,000","860,000"
1826500112,שעות כוננות ,"8,400","9,000","10,000"
1826500130,שעות נוספות ,"12,300","14,000","36,000"
1826500490,השתת.בתקציבי עזר משרדי הרשות,"500,000","550,000","567,000"
1826500520,משרדיות ,"72,700","61,000","141,000"
1826500561,שיווק ,"576,900","579,000","579,000"
1826500562,טלפון ,"42,000","27,000","27,000"
1826500593,השתת בתקציב עזר-מיכון ,"379,600","374,000","452,000"
1826500740,מחלקה טכנית ,"42,000","42,000","42,000"
1826500750,אחזקה ,"653,200","770,000","770,000"
1826500780,הפעלת היכל תרבות ,"6,848,500","6,740,000","6,689,000"
1826500781,חשבון מעבר-החזר הכנסות ,"2,838,600",0,0
1827000110,משכורת כוללת ,"4,529,100","4,510,000","5,098,000"
1827000112,כוננויות ,"15,300","15,000","17,000"
1827000410,"שכ""ד ","185,900","230,000","226,000"
1827000433,חמרי נקיון וחטוי ,0,"4,000","4,000"
1827000490,השתת.בתקציבי עזר משרדי הרשות,"49,600","59,000","61,000"
1827000510,כיבוד ,"39,000","39,000","39,000"
1827000550,פירסומים בעיתונות ,"164,200","168,000","168,000"
1827000561,הדפסות ,"233,700","235,000","235,000"
1827000562,טלפון ,"2,000","2,000","2,000"
1827000593,השתת בתקציב עזר-מיכון ,"93,800","105,000","112,000"
1827000720,חומרים ,"48,700","49,000","49,000"
1827000740,כלים ומכשירים ,"121,300","135,000","75,000"
1827000781,הוצאות אחרות ,"2,461,700","2,100,000","2,651,000"
1827000782,פעולות תרבות ,"98,700","118,000","115,000"
1827000810,השת' בתרבות וכוללים ,"300,000",0,0
1827090110,משכורת_כוללת ,"1,355,000","1,420,000","1,727,000"
1827090130,שעות נוספות ,"8,000","7,000",0
1827090210,עבודה זמנית ,"26,300","25,000",0
1827090520,ספרים ועיתונים ,"8,000","10,000","10,000"
1827090561,מכשירי כתיבה והדפסות ,"306,800","260,000","260,000"
1827090781,הוצאות אחרות ,"2,617,100","2,468,000","2,918,000"
1827090810,השת' בתרבות וכוללים ,"265,300",0,0
1827100110,משכורת כוללת ,"1,247,400","1,225,000","1,454,000"
1827100420,תיקונים ,"5,000","17,000","17,000"
1827100490,השתת.בתקציבי עזר משרדי הרשות,"45,400","56,000","58,000"
1827100520,ספרים ,"31,000","31,000","31,000"
1827100780,חודש המורשת היהודית ,"175,500","189,000","189,000"
1827100781,פעולות תורניות בנוער ,"252,600","251,000","251,000"
1827100782,פעולות תורניות בקהילה ,"2,174,700","2,130,000","2,783,000"
1827100783,עידוד המוזיקה היהודית ,"52,200","54,000","54,000"
1827100784,מקהלות ,"9,200","9,000","9,000"
1827100786,"בי""ס לחזנות ","661,500","691,000","691,000"
1827100787,הפעלת מועדוניות ,"24,600","26,000","44,000"
1827100810,השת.בתרבות וכוללים ,"70,500",0,0
1827100811,השתת.בבית לאה ,"58,500","68,000","68,000"
1828200110,משכורת כוללת ,"5,754,100","6,300,000","7,044,000"
1828200112,כוננויות ,"8,100",0,"26,000"
1828200130,שעות נוספות ,"40,000","20,000","85,000"
1828200210,עבודה זמנית ,"44,700","50,000",0
1828200420,תקונים ,"47,700","45,000","64,000"
1828200433,חומרי נקיון ,"2,000","4,000","4,000"
1828200490,השתת.בתקציבי עזר משרדי הרשות,"473,100","516,000","532,000"
1828200561,מכשירי כתיבה והדפסות ,"4,800","5,000","5,000"
1828200562,בולים טלפון ומברקים ,"94,400","48,000","48,000"
1828200580,הוצאות אחרות ,"1,000","1,000","1,000"
1828200593,השתת בתקציב עזר-מיכון ,"281,400","314,000","335,000"
1828200720,חמרים לבתי נוער ויחידות ,"39,900","40,000","40,000"
1828200721,קלוב תעופה עירוני ,"146,800","147,000","169,000"
1828200740,כלים מכשירים וציוד ,"7,800","8,000","8,000"
1828200760,אירועים בתנועות נוער ,"55,900","100,000","80,000"
1828200761,כנס מתגייסים_ומשתחררים ,"51,000","60,000","61,000"
1828200764,פרויקטים חברתיים ,"8,700","9,000","9,000"
1828200767,"מרכז הכנה לצה""ל ","173,800","194,000","205,000"
1828200768,פעילות בית גלזר ,"4,000","4,000","4,000"
1828200770,מועצת תלמידים ,"13,100","17,000","17,000"
1828200780,פרויקט חממה ,"617,700","750,000","750,000"
1828200781,השתלמויות אומנ.מדרי.מרצים ,"13,000","15,000","15,000"
1828200782,ארועים ומופעים בבתי הנוער ,"750,200","400,000","400,000"
1828200784,פסטיקט כנגד הכנסה ,0,"120,000","105,000"
1828200786,מועדונים לחריגים ,0,"4,000","4,000"
1828200787,בתי נוער ופעילויות נוער ,"125,200","650,000","705,000"
1828200788,"גרעין נח""ל קהילתי ","218,900","250,000","152,000"
1828200789,בית קדימה עמישב,"106,900","120,000","101,000"
1828200790,גרעין קהילתי -נוער ,0,0,"80,000"
1828200810,השתתפויות ותרומות למוסדות ,"881,500",0,0
1828200931,רכישת ציוד לתנועות נוער-פיס ,0,0,0
1828200932,"רכישת ציוד לתנועת הצופים כפ""ג","12,000",0,0
1829100110,משכורת כוללת ,"1,142,300","1,095,000","1,021,000"
1829100112,כוננות ,"50,600","48,000","64,000"
1829100130,שעות נוספות ,"121,800","150,000","155,000"
1829100410,שכר-דירה ,"200,000","206,000","334,000"
1829100490,השתת.בתקציבי עזר משרדי הרשות,"310,000","317,000","327,000"
1829100593,השתת בתקציב עזר-מיכון ,"141,200","157,000","167,000"
1829200780,הפעלת הספורטק ,"500,000","500,000","500,000"
1829200781,השתת. קרול ומ.חיים ,"110,000","110,000","110,000"
1829200782,רכזים ומנהלי אולמות-בחוזה ,"5,999,600","6,750,000","7,000,000"
1829200784,סיוע לקייטנות ,"180,000","180,000","180,000"
1829200785,הפעלת מגרש מחנה יהודה ,0,0,"266,000"
1829300110,משכורת כוללת ,"2,972,800","3,000,000","3,422,000"
1829300112,שעות כוננות ,"45,800","36,000","78,000"
1829300130,שעות נוספות ,"56,300","84,000","56,000"
1829300210,עבודה זמנית-רכזי ספורט ,"117,800","60,000","156,000"
1829300420,תקונים-מתקני ספורט ,"740,500","300,000","330,000"
1829300740,ציוד ספורט ,"54,900","5,000","5,000"
1829300750,עבודות קבלניות-נקיון ,"400,000","400,000","400,000"
1829300751,הפעלת האצטדיון ,"295,000","1,000,000","590,000"
1829300752,תפעול מגרשי אימון באצטדיון ,"472,100","850,000","850,000"
1829300781,ארועי ספורט ,"181,300","185,000","185,000"
1829300782,מפעלי ספורט ,"206,400","210,000","370,000"
1829300783,השתת בביס לספורט ,"135,000","135,000","135,000"
1829300784,הפעלת כדורגל בשכונות ,"150,000","150,000","150,000"
1829300785,להקת רקודים ,"108,000","108,000","108,000"
1829300787,סיוע לספורטאים מצטיינים ,"27,300","27,000","77,000"
1829300788,סיוע למשפחות בשיקום ,"45,000","45,000","45,000"
1829300789,פעילות באולמות ומגרשים ,"180,000","180,000","180,000"
1829300790,"התעמ.אומנותית,שחיה,כ.רגל ותי","441,000","441,000","561,000"
1829300792,פרחי ספורט ,0,0,"96,000"
1829400210,שכר צהרונים ,"678,900","900,000","42,000"
1829400780,הפעלת צהרונים ,"376,200","500,000","500,000"
1829500210,"שכר-יו""לא ","1,120,500","1,100,000","790,000"
1829500780,"הפעלת יו""לא ","756,800","800,000","1,000,000"
1829900821,השתת. במוסדות-מיוחדות ,"7,499,600","8,500,000","6,450,000"
1829900822,השתת. במוסדות - מותנה,0,0,"2,000,000"
1831000110,משכורת כוללת ,"154,400","155,000","348,000"
1831000112,שעות כוננות ,0,0,"27,000"
1831000420,תקונים ,0,"4,000","4,000"
1831000490,השתת.בתקציבי עזר משרדי הרשות,"97,100","114,000","118,000"
1831000562,טלפון ,"3,500","9,000","9,000"
1831000593,השתת בתקציב עזר-מיכון ,"93,800","105,000","112,000"
1832100110,משכורת כוללת ,"158,800","162,000","206,000"
1832100490,השתת.בתקציבי עזר משרדי הרשות,"350,000","401,000","413,000"
1832100562,טלפון מברקים ,0,"13,000","13,000"
1832300110,משכורת כוללת ,"1,443,100","1,430,000","1,316,000"
1832300420,תיקונים ,"14,600","15,000","15,000"
1832300490,השתת.בתקציבי עזר משרדי הרשות,"169,400","202,000","208,000"
1832300580,הוצאות אחרות ,"250,700","300,000","34,000"
1832300720,חומרים ותרופות ,"77,800","80,000","80,000"
1832300721,"חמרים למרפ""ש פנימיית אמי""ת","4,300","30,000",0
1832300780,פרוטזות שיניים לנזקקים ,"147,700","170,000","170,000"
1832400110,משכורת כוללת ,"3,691,900","3,700,000","3,500,000"
1832400130,שעות נוספות ,"4,400","6,000",0
1832400420,תקונים ,"28,200","30,000","50,000"
1832400433,חימום וחמרי ניקיון ,0,"4,000","4,000"
1832400490,השתת.בתקציבי עזר משרדי הרשות,"300,000","400,000","412,000"
1832400562,טלפונים מברקים בולים ,"63,200","100,000","100,000"
1832400580,הוצאות אחרות ,"2,000","5,000","5,000"
1832400593,השתת בתקציב עזר-מיכון ,"235,000","262,000","279,000"
1832400741,ציוד כבוי אש ,"1,800","5,000","5,000"
1832400781,סדור והחזקת גנות וחצרות ,"30,200","28,000","40,000"
1836000811,"השתתפות נט""ן ","242,900","235,000","235,000"
1839000811,השת.ותרומות למוסדות ,"12,800",0,0
1841000110,משכורת כוללת ,"20,684,500","22,000,000","25,466,000"
1841000112,כוננויות ,"361,700","384,000","662,000"
1841000130,שעות נוספות ,"11,000","20,000","1,000"
1841000210,עבודה זמנית ,"33,200","100,000","55,000"
1841000410,שכר-דירה ,"632,600","1,660,000","1,855,000"
1841000490,השתת.בתקציבי עזר משרדי הרשות,"5,512,600","5,367,000","5,414,000"
1841001420,תקונים ,"179,200","160,000","197,000"
1841001510,נסיעות ואשל ,"1,600","4,000","3,000"
1841001511,כבוד ,0,"5,000","2,000"
1841001561,הדפסות ,"3,700","5,000","5,000"
1841001562,טלפון ,"160,300","200,000","70,000"
1841001580,הוצאות אחרות ,"23,800","25,000","58,000"
1841001593,השתת בתקציב עזר מיכון ,"424,800","451,000","507,000"
1841001742,הוצ. שמירה ,"801,400","770,000","820,000"
1841001780,השתלמויות עובדים ,"3,600","5,000","29,000"
1841001781,פעילות לקהילה ,"127,600","145,000","145,000"
1841002710,בדיקות מודיעיניות ,500,"2,000","2,000"
1842200780,"צרכים מיוחדים ע""ח העירייה ","44,900","45,000","45,000"
1842200840,משפחות במצוקה בקהילה ,"345,300","465,000","465,000"
1842200841,הסעות נכים ,"190,500","215,000","215,000"
1842200842,סיוע למשפחות עם ילדים ,"387,700","457,000","457,000"
1842200843,מקלטים לנשים מוכות ,"900,600","960,000","627,000"
1842200844,טיפול באלכוהול ,"438,100","597,000","597,000"
1842200846,דיירי רחוב ,"166,700","261,000","261,000"
1842200847,מסגרות ארציות דרי רחוב ,"619,200","620,000","1,000,000"
1842200848,סדנאות למשפחות,"10,400","9,000",0
1842200849,דרי רחוב-רב בעייתי,"87,600","177,000",0
1842210780,תמיכות רווחה ,"13,000","13,000","13,000"
1842210781,צרכים רפואיים מיוחדים ,"26,900","27,000","27,000"
1842410410,שכר-דירה ,"129,300","134,000","142,000"
1842410580,הוצאות אחרות ,"6,900","9,000","5,000"
1842410782,הדרכה ,"3,400","20,000","70,000"
1843500780,"בדיקות ויעוץ ע""ח העירייה ","8,600","9,000","9,000"
1843500781,צהרוניות למשפחות ברוכות י ,"76,500","78,000","78,000"
1843500782,"קייטנות ע""ח העירייה ","108,000","108,000","108,000"
1843500785,טיפול בילד בקהילה-עח עירי ,"481,200","490,000","490,000"
1843500840,טיפול בילד בקהילה ,"1,802,200","1,804,000","1,804,000"
1843500842,מועדוניות משותפות ,"85,000","100,000","100,000"
1843800780,חונכות לתלמידים ,"114,900","115,000","165,000"
1843800781,מלגות ,"85,900","95,000","95,000"
1843800782,סיוע למשפחות ,"158,100","162,000","162,000"
1843800783,"מרכז קשר-ע""ח העירייה ","36,700","90,000","60,000"
1843800784,הכשרה מקצועית ,"3,100","5,000","5,000"
1843800840,אחזקת ילדים בפנימיות ,"17,771,900","16,319,000","20,973,000"
1843800841,ילדים עולים בפנימיות ,"1,122,400","1,210,000","1,049,000"
1843800842,יצירת קשר הורים ילדים ,"73,500","79,000","79,000"
1843800846,טיפול במשפחות אומנה ,"753,400","776,000","776,000"
1843800849,טיפול בפגיעות מיניות ,"97,400","89,000","32,000"
1843900780,"הסעות ע""ח העירייה-אוטיסטים ","587,700","600,000","600,000"
1843900840,אחזקה במעונות יום ,"4,705,600","5,162,000","5,410,000"
1843900841,הסעות לאוטיסטים ,"309,800","376,000","376,000"
1843900842,החז.אוטיסטים במסגרות ,"6,563,500","6,538,000","7,845,000"
1843900843,טיפול בהורים ובילדיהם ,"566,500","526,000","590,000"
1843900844,מועדונים לילדים ,"87,800","71,000","247,000"
1843900845,מעונות יום שיקומיים ,"760,300","751,000","1,420,000"
1843900846,נופשונים וקיטנות ,"156,000","125,000","146,000"
1843900847,מ.יום תעסוקה לבוגרים ,"832,000","1,041,000","1,150,000"
1844300840,אחזקה במעונות_זקנים ,"8,288,100","8,283,000","8,283,000"
1844300841,שכונה תומכת ,"457,600","348,000","417,000"
1844400840,מסגרות יומיות לזקן ,"1,352,900","1,266,000","1,518,000"
1844400841,נופשון לזקן ,"16,700","40,000","80,000"
1844400842,טיפול ומכשירי שמיעה לקשיש,"18,200","20,000",0
1844410810,"תמיכות בעמותות-ע""ח העיריה ","247,500",0,0
1844410840,ארוחות לקשישים ,"155,900","190,000","190,000"
1844420780,"מיגון קשישים ע""ח העירייה ",0,"2,000",0
1844420840,טיפול בזקן בקהילה ,"288,100","453,000","453,000"
1844420841,שרותים לניצולי שואה ,"33,500","34,000","70,000"
1844500420,תיקונים במועדוני קשישים ,0,"1,000",0
1844500780,מועדון תעסוקתי יוספטל ,"85,100","85,000","85,000"
1844500781,מועדון תעסוקתי מטלון ,"289,800","300,000","300,000"
1844500782,מועדון סמילנסקי ,"27,100","27,000","27,000"
1844500783,עמותה למען הקשיש ,"45,100","50,000","50,000"
1844500784,מועדון-מתנס עמישב ,"18,000","20,000","18,000"
1844500821,מועדון בית לאה-כפר אברהם ,"69,000","78,000","78,000"
1844500822,בית מזלי ,"170,500","252,000","252,000"
1844500825,מועדון בית דני-שיפר ,"164,900","180,000","180,000"
1844500842,מועדון תעסוקתי - סלע ,"36,900","51,000","51,000"
1844500845,שעריה ,"163,500","165,000","165,000"
1844500847,מועדון קשישים תקומה ,"21,300","70,000","70,000"
1845100840,סידור מפגרים במוסדות ,"38,738,300","38,909,000","42,286,000"
1845100842,מפגרים בפנימיות-עולים ,"566,900","579,000","777,000"
1845100843,נופשונים למפגר ,"163,500","140,000","213,000"
1845100844,משפחות אומנה למפגר ,"21,400","23,000","23,000"
1845100845,משפחות אומנה לשיקום ,"81,100","85,000","87,000"
1845100846,סביבה תומכת ,"185,500","223,000","223,000"
1845110840,מפגרים במוסד ממשלתי ,"10,018,300","10,265,000","9,416,000"
1845200780,מעונות יום-ניצן ,"191,900","200,000","300,000"
1845210840,מפגרים במעון טיפולי ,"3,504,000","3,735,000","4,215,000"
1845210841,מעון טיפולי- עולים ,"32,400","32,000","34,000"
1845210842,"מ.יום שיקומי- מש""ה ",0,0,"58,000"
1845210843,מועדונים חברתיים למפגר ,"123,400","144,000","177,000"
1845300780,"הסעות ע""ח העירייה-מפגרים ","589,400","600,000","600,000"
1845300840,שרותים תומכים למפגר ,"31,300","38,000","38,000"
1845300842,מפגרים במעון אמוני ,"147,800","167,000","167,000"
1845300843,הסעות למעון יום ,"714,200","678,000","736,000"
1845400110,משכורת כוללת ,"840,600","800,000","690,000"
1845400420,תקונים ,"7,000","7,000",0
1845400430,"מאור, חמום, חמרי נקיון","3,000","10,000",0
1845400510,נסיעות לחניכים ,"5,000","5,000",0
1845400562,טלפון בולים ומברקים ,300,"11,000",0
1845400580,הוצאות אחרות ,"21,200","23,000",0
1845400740,כלים מכשירים וציוד ,0,"1,000",0
1845400781,פעולות תרבות ,0,"5,000",0
1845400782,ארוחות לחניכים ,0,"6,000",0
1845400783,בטוח חניכים ,0,"2,000",0
1845400785, תשלום לחניכים ,"15,100","17,000",0
1845410840,מעש חוץ ,"2,164,700","2,259,000","2,259,000"
1846200840,מפעלי שקום לעוור ,"260,800","342,000","147,000"
1846300840,הדרכת העיוור ,"220,800","223,000","223,000"
1846310780,"מועדונים לעוור-ע""ח העיריי ","154,500","18,000","18,000"
1846310840,שקום העיוור בקהילה ,"12,200","11,000","26,000"
1846310841,מועדונים לעוור ,"96,300","98,000","98,000"
1846310842,ילדים עיוורים במוסדות ,"31,500","30,000","30,000"
1846400840,מפעלי תעסוקה ומועדון ,"119,700","29,000","336,000"
1846500840,נכים בפנימיות ,"9,176,000","8,858,000","10,222,000"
1846500842,נכים בפנימיות-עולים ,"138,500","141,000","141,000"
1846500843,תכניות לילד החריג ,"177,200","181,000","66,000"
1846500844,נכים במשפחות אומנה ,"750,100","778,000","778,000"
1846500845,מרכז יום לנפגעי ראש,"100,700","119,000",0
1846500846,תעסוקה נתמכת לנכים ,"141,600","117,000","190,000"
1846510840,מעונות ממשלתים שיקום ,"561,600","562,000","562,000"
1846700780,משפחתונים לילדים חריגים ,"109,700","110,000","180,000"
1846700781,סיוע בשיקום ,"26,900","27,000","27,000"
1846700782,"ליווי הסעות-ע""ח העירייה ",0,"520,000","520,000"
1846700840,שקום נכים בקהילה ,"53,200","40,000","64,000"
1846700841,נופשונים להבראה ,"34,900","46,000","24,000"
1846700842,מרכזי יום לנכים קשים ,"63,400","63,000","63,000"
1846700843,מ.יום שיקומי לנכים ,"1,554,000","1,400,000","1,895,000"
1846700844,הסעות למעון יום שיקומי ,"1,613,900","1,655,000","1,655,000"
1846700845,ליווי למעון יום שיקומי ,"1,041,300","527,000","527,000"
1846700846,חלופה למעון יום שיקומי,"236,200","284,000",0
1846800840,תעסוקה מוגנת למוגבל ,"693,000","571,000","907,000"
1846810780,גנים טיפוליים פינק והפנינה ,"81,000","92,000","92,000"
1846810840,מרכזי אבחון ושקום ,"17,600",0,"32,000"
1846810841,מס יום ילדים מוגבלים ,"655,600","721,000","896,000"
1846810842,נכים קשים בקהילה ,"184,700","184,000","132,000"
1846820780,מועדון אנוש ,"41,500","45,000","45,000"
1847100110,משכורת כוללת ,"1,317,200","1,355,000","1,298,000"
1847100112,כוננויות ,"49,500","42,000","78,000"
1847100562,טלפונים בולים מברקים ,0,"2,000",0
1847100780,נוער חרדי מנותק ,"475,000","480,000","730,000"
1847100840,טפול בנערה במצוקה ,"39,000","52,000","52,000"
1847100841,טיפול בצעירים עולים ,"49,500","60,000","60,000"
1847100842,טיפול בנוער וצעירים ,"499,100","522,000","522,000"
1847100844,פרוייקט מעטפת ,0,"200,000","200,000"
1847100846,בתים חמים לנערות ,"413,800","447,000","447,000"
1847100847,מרחב פתוח לנערות ,0,"245,000","245,000"
1847100848,תכ. לאומית לילדים ונוער בסיכ,"226,100","619,000","928,000"
1847400840,מפתן ממשלתי ,"95,000","107,000","107,000"
1847410420,תקונים ,"163,400","38,000",0
1847410562,טלפון בולים ומברקים ,"9,300","10,000",0
1847410580,הוצאות אחרות ,500,"1,000",0
1847410720,חומרים ,"8,500","15,000",0
1847410740,כלים מכשירים וציוד ,0,"1,000",0
1847410781,הוצאות אחרות-תשלום לתלמי ,"7,000","6,000",0
1847410782,פעולות תרבותיות ,"102,300","104,000",0
1847410783,ביגוד ונעלים ,"6,200","6,000",0
1847410784,ארוחות לתלמידים ,"83,700","85,000",0
1847410786,נסיעות לחניכים ,"13,500","20,000",0
1847410840,פעולות משלימות ,"31,500","36,000",0
1847410841,מניעת אלימות,"34,900","32,000",0
1847420110,משכורת כוללת ,"1,526,200","1,610,000","650,000"
1847420211,"עבודה זמנית- חברת כ""א","23,200",0,0
1848000410,"שכ""ד ",0,"40,000",0
1848000780,פעילות חברתית לחרשים ,"18,300","20,000","20,000"
1848000785,גרעין קהילתי-רווחה ,0,0,"70,000"
1848000840,עבודה קהילתית ,"52,200","68,000","73,000"
1848000842,עבודה קהילתית לאתיופים ,"141,400","186,000","186,000"
1848000843,פיתוח קהילתי )קהילה נגישה( ,"9,600","20,000","13,000"
1848000845,מועדוניות לחרשים ,"80,900","92,000","92,000"
1848000846,תכנית מעבר לחרשים ,"37,000","32,000","40,000"
1848100780,טיפול בנפגעי סמים-עח העיר ,"70,200","75,000","75,000"
1848100781,פעולות-מח. התמכרויות ,0,0,"20,000"
1848100782,שרות אזרחי,0,0,"120,000"
1848100840,סמים-טיפול בקהילה ,"86,000","87,000","87,000"
1848100841,טיפול בעולים נפגעי סמים ,"51,100","60,000","60,000"
1848100842,בדיקות למשתמשי סמים ,"13,800","17,000","17,000"
1848100843,בית נועם,"89,800","133,000",0
1848100844,מועדון יום לנוער- סמים ,"127,900","125,000","150,000"
1848200840,מרכזי טיפול באלימות ,"336,600","353,000","353,000"
1848200841,מרכזי טיפול באלימות-עולים ,"55,600","60,000","60,000"
1848300780,"פעולות התנדבות-ע""ח העיריי ","26,400","27,000","27,000"
1848300781,בית המתנדב ,"117,400","130,000","120,000"
1848300783,פעולות מיוחדות לרווחה ובר ,"35,800","54,000","54,000"
1848300784,בית חברתי ,"74,700","40,000","170,000"
1848300841,פעולות התנדבות בקהילה ,"15,900","24,000","24,000"
1848300842,לשכות יעוץ לאזרח ,"4,900","4,000","4,000"
1848500781,מועדוניות משפחתיות ,"226,700","228,000","228,000"
1848500782,"מועדוניות חברתיות-ע""ח העי ","290,100","300,000","360,000"
1849100780,מטזיות שכונתיות ,0,"4,000","4,000"
1849100781,השתת.בארוחות קשישים ,"104,000","109,000","109,000"
1849100782,תכניות קבוצתיות לעולים ,"43,400","45,000","45,000"
1849100840,זקן בקהילה-עולים ,"259,400","210,000","210,000"
1849100843,משפ' במצוקה-עולים ,"55,900","90,000","111,000"
1849100846,ילדים במצוקה-עולים ,"64,200","61,000","142,000"
1849100849,מעונות יום-עולים ,"175,600","205,000","93,000"
1851000780,"הפעלת ביהכ""נ הגדול ","120,000","120,000","120,000"
1851000810,"אחזקת בתיכ""ס ","133,700",0,0
1851000812,אחזקת מקוה ,"35,000",0,0
1851000830,מועצה הדתית ,"8,053,100","7,800,000","8,700,000"
1861000110,משכורת כוללת ,"1,056,700","1,155,000","1,551,000"
1861000130,שעות נוספות ,"14,000","12,000","16,000"
1861000410,שכר דירה ,"808,800","830,000","820,000"
1861000490,השתת.בתקציבי עזר משרדי הרשות,"362,000","430,000","443,000"
1861000593,השתת בתקציב עזר-מיכון ,"141,200","158,000","169,000"
1861000780,פעולות ,"2,011,200","1,000,000","1,000,000"
1861000810,תמיכה בקליטת עליה ,"135,000",0,0
1862000110,משכורת כוללת ,"250,900","250,000","268,000"
1862000420,תיקונים ,"4,300","5,000","10,000"
1862000562,טלפון-אולפנים ,"7,900","8,000","8,000"
1862000780,הפעלת אולפנים ,"41,400","35,000","25,000"
1863000750,מוקד קליטה-אתיופים ,"909,500","670,000","670,000"
1871000110,משכורת כוללת ,"2,336,700","2,450,000","2,354,000"
1871000112,שעות כוננות ,"28,500","24,000","48,000"
1871000130,שעות נוספות ,"16,500","12,000","26,000"
1871000490,השתת.בתקציבי עזר משרדי הרשות,"72,000","85,000","88,000"
1871000593,השתת בתקציב עזר-מיכון ,"187,600","210,000","224,000"
1871000596,השתת. בת.עזר מוסך ורכב ,"147,700","152,000","158,000"
1871000780,הוצאות כלליות ,"304,400","290,000","290,000"
1871000781,חינוך סביבתי ,"486,200","450,000","410,000"
1871000782,תשתיות פסולת מוצקה ומחזור ,"10,100","10,000","10,000"
1871000784,הצטיידות לטפול בחמ'ס ,"19,100","20,000","20,000"
1931000110,משכורת כוללת ,"1,925,100","1,935,000","1,871,000"
1931000112,כוננות ,"53,100","58,000","59,000"
1931000130,שעות נוספות ,"27,500","24,000","33,000"
1931000410,דמי חכירה-מנהל מקרקעי יש ,0,"20,000","20,000"
1931000420,תיקונים ,"80,100","77,000","71,000"
1931000421,אחזקת מעליות ,0,"25,000","195,000"
1931000434,מיסי ועד בית ,"16,600","54,000","54,000"
1931000490,השתת.בתקציבי עזר משרדי הרשות,"146,700","171,000","176,000"
1931000520,ספרות מקצועית ,"1,700","4,000","4,000"
1931000580,הוצאות אחרות ,"28,000","30,000","24,000"
1931000593,השתת בתקציב עזר מיכון ,"187,600","210,000","224,000"
1931000750,בקרת חן חשמל ומים ,"82,900","118,000","118,000"
1931000786,תשלום שמאים_ומודדים ,"67,200","100,000","100,000"
1943000110,משכורת כוללת ,"2,834,800","3,090,000","3,039,000"
1943000130,שעות נוספות ,"169,400","144,000","186,000"
1943000210,עבודה זמנית ,0,0,"230,000"
1943000500,ארנונה ושלטים-חניה ,"970,700","1,000,000","1,000,000"
1943000550,עמלת שוברים ,"53,000","30,000","30,000"
1943000562,טלפון ובולים ,"328,500","400,000","400,000"
1943000593,השתת בתקציב עזר-מיכון ,"281,400","314,000","335,000"
1943000596,השתת. בת.עזר מוסך ורכב ,"117,700","122,000","127,000"
1943000750,עמלת גביה קנסות חניה ,"1,703,700","1,600,000","1,580,000"
1943000751,עמלה ח.ל.פ-כנגד הכנסה ,"11,297,800","10,100,000","10,100,000"
1990000310,פנסיה ופצויים ,"124,948,000","127,000,000","138,017,000"
1992000810,רזרבה תקציבית-מתן תמיכות ,0,"4,055,000","3,055,000"
1992000811,רזרבה תקציבית תמיכות - מותנה,0,0,"1,000,000"
1992000812,רזרבה לתמיכות חינוך ,"16,895,100","28,500,000","21,500,000"
1992000813,רזרבה לתמיכות חינוך - מותנה,0,0,"7,000,000"
1992000960,רזרבה תקציבית ,0,"4,000,000","3,000,000"
1992000961,רזרבה תקציבית - מותנה,0,0,"1,000,000"
1995000860,הנחות סוציאליות ,"92,663,600","89,000,000","89,000,000"
סכום כולל,0,"-371,000",0,0
